date,sensor_number,number_of_calls,normal?
2022-08-10,10,0,0
2022-08-11,10,0,0
2022-08-12,10,0,0
2022-08-13,10,0,0
2022-08-14,10,0,0
2022-08-15,10,0,0
2022-08-16,10,0,0
2022-08-17,10,0,0
2022-08-18,10,0,0
2022-08-19,10,0,0
2022-08-20,10,0,0
2022-08-21,10,0,0
2022-08-22,10,0,0
2022-08-23,10,0,0
2022-08-24,10,0,0
2022-08-25,10,24,0
2022-08-26,10,238,1
2022-08-27,10,239,1
2022-08-28,10,239,1
2022-08-29,10,239,1
2022-08-30,10,240,1
2022-08-31,10,237,1
2022-09-01,10,239,1
2022-09-02,10,239,1
2022-09-03,10,240,1
2022-09-04,10,240,1
2022-09-05,10,235,1
2022-09-06,10,238,1
2022-09-07,10,240,1
2022-09-08,10,240,1
2022-09-09,10,240,1
2022-09-10,10,239,1
2022-09-11,10,240,1
2022-09-12,10,240,1
2022-09-13,10,240,1
2022-09-14,10,237,1
2022-09-15,10,239,1
2022-09-16,10,239,1
2022-09-17,10,239,1
2022-09-18,10,238,1
2022-09-19,10,240,1
2022-09-20,10,238,1
2022-09-21,10,236,1
2022-09-22,10,239,1
2022-09-23,10,240,1
2022-09-24,10,239,1
2022-09-25,10,240,1
2022-09-26,10,239,1
2022-09-27,10,239,1
2022-09-28,10,240,1
2022-09-29,10,238,1
2022-09-30,10,237,1
2022-10-01,10,240,1
2022-10-02,10,239,1
2022-10-03,10,240,1
2022-10-04,10,240,1
2022-10-05,10,239,1
2022-10-06,10,240,1
2022-10-07,10,236,1
2022-10-08,10,239,1
2022-10-09,10,240,1
2022-10-10,10,239,1
2022-10-11,10,238,1
2022-10-12,10,239,1
2022-10-13,10,240,1
2022-10-14,10,240,1
2022-10-15,10,240,1
2022-10-16,10,240,1
2022-10-17,10,240,1
2022-10-18,10,236,1
2022-10-19,10,235,1
2022-10-20,10,240,1
2022-10-21,10,240,1
2022-10-22,10,236,1
2022-10-23,10,238,1
2022-10-24,10,234,1
2022-10-25,10,240,1
2022-10-26,10,240,1
2022-10-27,10,240,1
2022-10-28,10,238,1
2022-10-29,10,240,1
2022-10-30,10,240,1
2022-10-31,10,238,1
2022-11-01,10,236,1
2022-11-02,10,240,1
2022-11-03,10,239,1
2022-11-04,10,240,1
2022-11-05,10,240,1
2022-11-06,10,239,1
2022-11-07,10,239,1
2022-11-08,10,240,1
2022-11-09,10,240,1
2022-11-10,10,240,1
2022-11-11,10,240,1
2022-11-12,10,239,1
2022-11-13,10,240,1
2022-11-14,10,240,1
2022-11-15,10,240,1
2022-11-16,10,238,1
2022-11-17,10,237,1
2022-11-18,10,240,1
2022-11-19,10,240,1
2022-11-20,10,239,1
2022-11-21,10,239,1
2022-11-22,10,237,1
2022-11-23,10,218,0
2022-11-24,10,237,1
2022-11-25,10,239,1
2022-11-26,10,237,1
2022-11-27,10,237,1
2022-11-28,10,235,1
2022-11-29,10,239,1
2022-11-30,10,240,1
2022-12-01,10,240,1
2022-12-02,10,240,1
2022-12-03,10,240,1
2022-12-04,10,240,1
2022-12-05,10,240,1
2022-12-06,10,239,1
2022-12-07,10,240,1
2022-12-08,10,224,0
2022-12-09,10,236,1
2022-12-10,10,235,1
2022-12-11,10,231,1
2022-12-12,10,237,1
2022-12-13,10,240,1
2022-12-14,10,240,1
2022-12-15,10,240,1
2022-12-16,10,240,1
2022-12-17,10,240,1
2022-12-18,10,239,1
2022-12-19,10,239,1
2022-12-20,10,234,1
2022-12-21,10,228,0
2022-12-22,10,239,1
2022-12-23,10,240,1
2022-12-24,10,240,1
2022-12-25,10,240,1
2022-12-26,10,240,1
2022-12-27,10,240,1
2022-12-28,10,238,1
2022-12-29,10,240,1
2022-12-30,10,240,1
2022-12-31,10,240,1
2023-01-01,10,240,1
2023-01-02,10,239,1
2023-01-03,10,239,1
2023-01-04,10,240,1
2023-01-05,10,240,1
2023-01-06,10,240,1
2023-01-07,10,239,1
2023-01-08,10,239,1
2023-01-09,10,240,1
2023-01-10,10,206,0
2023-01-11,10,240,1
2023-01-12,10,240,1
2023-01-13,10,240,1
2023-01-14,10,240,1
2023-01-15,10,240,1
2023-01-16,10,239,1
2023-01-17,10,238,1
2023-01-18,10,240,1
2023-01-19,10,240,1
2023-01-20,10,237,1
2023-01-21,10,202,0
2023-01-22,10,221,0
2023-01-23,10,238,1
2023-01-24,10,240,1
2023-01-25,10,238,1
2023-01-26,10,239,1
2023-01-27,10,240,1
2023-01-28,10,238,1
2023-01-29,10,239,1
2023-01-30,10,239,1
2023-01-31,10,240,1
2023-02-01,10,238,1
2023-02-02,10,240,1
2023-02-03,10,240,1
2023-02-04,10,239,1
2023-02-05,10,237,1
2023-02-06,10,236,1
2023-02-07,10,239,1
2023-02-08,10,240,1
2023-02-09,10,240,1
2023-02-10,10,240,1
2023-02-11,10,240,1
2023-02-12,10,240,1
2023-02-13,10,239,1
2023-02-14,10,240,1
2023-02-15,10,239,1
2023-02-16,10,239,1
2023-02-17,10,240,1
2023-02-18,10,240,1
2023-02-19,10,237,1
2023-02-20,10,239,1
2023-02-21,10,239,1
2023-02-22,10,236,1
2023-02-23,10,240,1
2023-02-24,10,240,1
2023-02-25,10,239,1
2023-02-26,10,239,1
2023-02-27,10,239,1
2023-02-28,10,240,1
2023-03-01,10,240,1
2023-03-02,10,238,1
2023-03-03,10,240,1
2023-03-04,10,240,1
2023-03-05,10,239,1
2023-03-06,10,240,1
2023-03-07,10,240,1
2023-03-08,10,238,1
2023-03-09,10,240,1
2023-03-10,10,238,1
2023-03-11,10,236,1
2023-03-12,10,240,1
2023-03-13,10,240,1
2023-03-14,10,239,1
2023-03-15,10,239,1
2023-03-16,10,239,1
2023-03-17,10,240,1
2023-03-18,10,240,1
2023-03-19,10,238,1
2023-03-20,10,240,1
2023-03-21,10,240,1
2023-03-22,10,240,1
2023-03-23,10,240,1
2023-03-24,10,238,1
2023-03-25,10,239,1
2023-03-26,10,239,1
2023-03-27,10,239,1
2023-03-28,10,239,1
2023-03-29,10,240,1
2023-03-30,10,237,1
2023-03-31,10,240,1
2023-04-01,10,239,1
2023-04-02,10,240,1
2023-04-03,10,235,1
2023-04-04,10,239,1
2023-04-05,10,225,0
2023-04-06,10,240,1
2023-04-07,10,240,1
2023-04-08,10,240,1
2023-04-09,10,240,1
2023-04-10,10,239,1
2023-04-11,10,240,1
2023-04-12,10,239,1
2023-04-13,10,239,1
2023-04-14,10,240,1
2023-04-15,10,240,1
2023-04-16,10,240,1
2023-04-17,10,240,1
2023-04-18,10,240,1
2023-04-19,10,240,1
2023-04-20,10,239,1
2023-04-21,10,238,1
2023-04-22,10,240,1
2023-04-23,10,239,1
2023-04-24,10,240,1
2023-04-25,10,240,1
2023-04-26,10,221,0
2023-04-27,10,235,1
2023-04-28,10,239,1
2023-04-29,10,237,1
2023-04-30,10,220,0
2023-05-01,10,239,1
2023-05-02,10,240,1
2023-05-03,10,240,1
2023-05-04,10,237,1
2023-05-05,10,238,1
2023-05-06,10,240,1
2023-05-07,10,240,1
2023-05-08,10,239,1
2023-05-09,10,237,1
2023-05-10,10,238,1
2023-05-11,10,240,1
2023-05-12,10,240,1
2023-05-13,10,240,1
2023-05-14,10,238,1
2023-05-15,10,238,1
2023-05-16,10,238,1
2023-05-17,10,240,1
2023-05-18,10,240,1
2023-05-19,10,240,1
2023-05-20,10,240,1
2023-05-21,10,240,1
2023-05-22,10,240,1
2023-05-23,10,238,1
2023-05-24,10,239,1
2023-05-25,10,223,0
2023-05-26,10,239,1
2023-05-27,10,240,1
2023-05-28,10,237,1
2023-05-29,10,237,1
2023-05-30,10,240,1
2023-05-31,10,240,1
2023-06-01,10,236,1
2023-06-02,10,237,1
2023-06-03,10,235,1
2023-06-04,10,239,1
2023-06-05,10,238,1
2023-06-06,10,240,1
2023-06-07,10,238,1
2023-06-08,10,239,1
2023-06-09,10,240,1
2023-06-10,10,207,0
2023-06-11,10,239,1
2023-06-12,10,240,1
2023-06-13,10,238,1
2023-06-14,10,240,1
2023-06-15,10,237,1
2023-06-15,10,143,0
2022-08-10,11,0,0
2022-08-11,11,0,0
2022-08-12,11,0,0
2022-08-13,11,0,0
2022-08-14,11,0,0
2022-08-15,11,0,0
2022-08-16,11,0,0
2022-08-17,11,0,0
2022-08-18,11,0,0
2022-08-19,11,0,0
2022-08-20,11,0,0
2022-08-21,11,0,0
2022-08-22,11,0,0
2022-08-23,11,0,0
2022-08-24,11,0,0
2022-08-25,11,23,0
2022-08-26,11,239,1
2022-08-27,11,240,1
2022-08-28,11,240,1
2022-08-29,11,240,1
2022-08-30,11,240,1
2022-08-31,11,162,0
2022-09-01,11,10,0
2022-09-02,11,229,0
2022-09-03,11,240,1
2022-09-04,11,240,1
2022-09-05,11,240,1
2022-09-06,11,240,1
2022-09-07,11,240,1
2022-09-08,11,240,1
2022-09-09,11,240,1
2022-09-10,11,240,1
2022-09-11,11,240,1
2022-09-12,11,238,1
2022-09-13,11,240,1
2022-09-14,11,239,1
2022-09-15,11,240,1
2022-09-16,11,239,1
2022-09-17,11,240,1
2022-09-18,11,240,1
2022-09-19,11,240,1
2022-09-20,11,240,1
2022-09-21,11,240,1
2022-09-22,11,240,1
2022-09-23,11,240,1
2022-09-24,11,238,1
2022-09-25,11,240,1
2022-09-26,11,240,1
2022-09-27,11,240,1
2022-09-28,11,240,1
2022-09-29,11,240,1
2022-09-30,11,239,1
2022-10-01,11,240,1
2022-10-02,11,240,1
2022-10-03,11,240,1
2022-10-04,11,240,1
2022-10-05,11,240,1
2022-10-06,11,240,1
2022-10-07,11,240,1
2022-10-08,11,240,1
2022-10-09,11,240,1
2022-10-10,11,240,1
2022-10-11,11,240,1
2022-10-12,11,240,1
2022-10-13,11,240,1
2022-10-14,11,240,1
2022-10-15,11,240,1
2022-10-16,11,240,1
2022-10-17,11,240,1
2022-10-18,11,240,1
2022-10-19,11,240,1
2022-10-20,11,240,1
2022-10-21,11,240,1
2022-10-22,11,240,1
2022-10-23,11,240,1
2022-10-24,11,240,1
2022-10-25,11,240,1
2022-10-26,11,240,1
2022-10-27,11,240,1
2022-10-28,11,240,1
2022-10-29,11,240,1
2022-10-30,11,240,1
2022-10-31,11,240,1
2022-11-01,11,240,1
2022-11-02,11,239,1
2022-11-03,11,240,1
2022-11-04,11,240,1
2022-11-05,11,240,1
2022-11-06,11,238,1
2022-11-07,11,240,1
2022-11-08,11,239,1
2022-11-09,11,238,1
2022-11-10,11,239,1
2022-11-11,11,240,1
2022-11-12,11,240,1
2022-11-13,11,240,1
2022-11-14,11,240,1
2022-11-15,11,240,1
2022-11-16,11,240,1
2022-11-17,11,238,1
2022-11-18,11,240,1
2022-11-19,11,240,1
2022-11-20,11,240,1
2022-11-21,11,240,1
2022-11-22,11,235,1
2022-11-23,11,234,1
2022-11-24,11,240,1
2022-11-25,11,240,1
2022-11-26,11,240,1
2022-11-27,11,240,1
2022-11-28,11,240,1
2022-11-29,11,240,1
2022-11-30,11,240,1
2022-12-01,11,240,1
2022-12-02,11,240,1
2022-12-03,11,240,1
2022-12-04,11,240,1
2022-12-05,11,238,1
2022-12-06,11,240,1
2022-12-07,11,240,1
2022-12-08,11,222,0
2022-12-09,11,240,1
2022-12-10,11,233,1
2022-12-11,11,225,0
2022-12-12,11,240,1
2022-12-13,11,240,1
2022-12-14,11,240,1
2022-12-15,11,240,1
2022-12-16,11,240,1
2022-12-17,11,240,1
2022-12-18,11,240,1
2022-12-19,11,239,1
2022-12-20,11,230,0
2022-12-21,11,229,0
2022-12-22,11,240,1
2022-12-23,11,240,1
2022-12-24,11,240,1
2022-12-25,11,240,1
2022-12-26,11,240,1
2022-12-27,11,240,1
2022-12-28,11,240,1
2022-12-29,11,240,1
2022-12-30,11,240,1
2022-12-31,11,240,1
2023-01-01,11,240,1
2023-01-02,11,240,1
2023-01-03,11,240,1
2023-01-04,11,240,1
2023-01-05,11,240,1
2023-01-06,11,240,1
2023-01-07,11,240,1
2023-01-08,11,241,1
2023-01-09,11,240,1
2023-01-10,11,214,0
2023-01-11,11,240,1
2023-01-12,11,240,1
2023-01-13,11,240,1
2023-01-14,11,240,1
2023-01-15,11,240,1
2023-01-16,11,240,1
2023-01-17,11,240,1
2023-01-18,11,240,1
2023-01-19,11,240,1
2023-01-20,11,236,1
2023-01-21,11,202,0
2023-01-22,11,223,0
2023-01-23,11,240,1
2023-01-24,11,240,1
2023-01-25,11,240,1
2023-01-26,11,240,1
2023-01-27,11,240,1
2023-01-28,11,240,1
2023-01-29,11,240,1
2023-01-30,11,240,1
2023-01-31,11,239,1
2023-02-01,11,240,1
2023-02-02,11,240,1
2023-02-03,11,240,1
2023-02-04,11,240,1
2023-02-05,11,240,1
2023-02-06,11,240,1
2023-02-07,11,238,1
2023-02-08,11,240,1
2023-02-09,11,240,1
2023-02-10,11,240,1
2023-02-11,11,238,1
2023-02-12,11,240,1
2023-02-13,11,240,1
2023-02-14,11,240,1
2023-02-15,11,239,1
2023-02-16,11,240,1
2023-02-17,11,240,1
2023-02-18,11,240,1
2023-02-19,11,240,1
2023-02-20,11,240,1
2023-02-21,11,240,1
2023-02-22,11,240,1
2023-02-23,11,240,1
2023-02-24,11,240,1
2023-02-25,11,240,1
2023-02-26,11,240,1
2023-02-27,11,240,1
2023-02-28,11,239,1
2023-03-01,11,240,1
2023-03-02,11,240,1
2023-03-03,11,240,1
2023-03-04,11,240,1
2023-03-05,11,240,1
2023-03-06,11,240,1
2023-03-07,11,240,1
2023-03-08,11,238,1
2023-03-09,11,239,1
2023-03-10,11,240,1
2023-03-11,11,240,1
2023-03-12,11,240,1
2023-03-13,11,239,1
2023-03-14,11,240,1
2023-03-15,11,240,1
2023-03-16,11,240,1
2023-03-17,11,240,1
2023-03-18,11,240,1
2023-03-19,11,240,1
2023-03-20,11,240,1
2023-03-21,11,240,1
2023-03-22,11,240,1
2023-03-23,11,240,1
2023-03-24,11,240,1
2023-03-25,11,240,1
2023-03-26,11,240,1
2023-03-27,11,240,1
2023-03-28,11,240,1
2023-03-29,11,240,1
2023-03-30,11,240,1
2023-03-31,11,240,1
2023-04-01,11,240,1
2023-04-02,11,240,1
2023-04-03,11,237,1
2023-04-04,11,240,1
2023-04-05,11,228,0
2023-04-06,11,240,1
2023-04-07,11,240,1
2023-04-08,11,240,1
2023-04-09,11,239,1
2023-04-10,11,240,1
2023-04-11,11,240,1
2023-04-12,11,239,1
2023-04-13,11,240,1
2023-04-14,11,240,1
2023-04-15,11,240,1
2023-04-16,11,240,1
2023-04-17,11,239,1
2023-04-18,11,239,1
2023-04-19,11,240,1
2023-04-20,11,239,1
2023-04-21,11,240,1
2023-04-22,11,240,1
2023-04-23,11,240,1
2023-04-24,11,240,1
2023-04-25,11,240,1
2023-04-26,11,239,1
2023-04-27,11,240,1
2023-04-28,11,238,1
2023-04-29,11,240,1
2023-04-30,11,240,1
2023-05-01,11,240,1
2023-05-02,11,240,1
2023-05-03,11,240,1
2023-05-04,11,237,1
2023-05-05,11,240,1
2023-05-06,11,240,1
2023-05-07,11,240,1
2023-05-08,11,240,1
2023-05-09,11,240,1
2023-05-10,11,240,1
2023-05-11,11,240,1
2023-05-12,11,240,1
2023-05-13,11,240,1
2023-05-14,11,240,1
2023-05-15,11,240,1
2023-05-16,11,240,1
2023-05-17,11,240,1
2023-05-18,11,240,1
2023-05-19,11,240,1
2023-05-20,11,239,1
2023-05-21,11,240,1
2023-05-22,11,240,1
2023-05-23,11,240,1
2023-05-24,11,240,1
2023-05-25,11,240,1
2023-05-26,11,240,1
2023-05-27,11,240,1
2023-05-28,11,239,1
2023-05-29,11,238,1
2023-05-30,11,240,1
2023-05-31,11,240,1
2023-06-01,11,240,1
2023-06-02,11,240,1
2023-06-03,11,238,1
2023-06-04,11,240,1
2023-06-05,11,240,1
2023-06-06,11,240,1
2023-06-07,11,239,1
2023-06-08,11,238,1
2023-06-09,11,240,1
2023-06-10,11,207,0
2023-06-11,11,240,1
2023-06-12,11,240,1
2023-06-13,11,240,1
2023-06-14,11,240,1
2023-06-15,11,240,1
2023-06-15,11,143,0
2022-08-10,12,0,0
2022-08-11,12,0,0
2022-08-12,12,0,0
2022-08-13,12,0,0
2022-08-14,12,0,0
2022-08-15,12,0,0
2022-08-16,12,0,0
2022-08-17,12,0,0
2022-08-18,12,0,0
2022-08-19,12,0,0
2022-08-20,12,0,0
2022-08-21,12,0,0
2022-08-22,12,0,0
2022-08-23,12,0,0
2022-08-24,12,0,0
2022-08-25,12,0,0
2022-08-26,12,0,0
2022-08-27,12,0,0
2022-08-28,12,0,0
2022-08-29,12,0,0
2022-08-30,12,0,0
2022-08-31,12,0,0
2022-09-01,12,146,0
2022-09-02,12,240,1
2022-09-03,12,240,1
2022-09-04,12,240,1
2022-09-05,12,240,1
2022-09-06,12,240,1
2022-09-07,12,240,1
2022-09-08,12,240,1
2022-09-09,12,240,1
2022-09-10,12,240,1
2022-09-11,12,240,1
2022-09-12,12,240,1
2022-09-13,12,240,1
2022-09-14,12,240,1
2022-09-15,12,240,1
2022-09-16,12,239,1
2022-09-17,12,240,1
2022-09-18,12,240,1
2022-09-19,12,240,1
2022-09-20,12,240,1
2022-09-21,12,240,1
2022-09-22,12,240,1
2022-09-23,12,240,1
2022-09-24,12,240,1
2022-09-25,12,240,1
2022-09-26,12,239,1
2022-09-27,12,240,1
2022-09-28,12,240,1
2022-09-29,12,240,1
2022-09-30,12,240,1
2022-10-01,12,240,1
2022-10-02,12,240,1
2022-10-03,12,240,1
2022-10-04,12,240,1
2022-10-05,12,240,1
2022-10-06,12,240,1
2022-10-07,12,240,1
2022-10-08,12,240,1
2022-10-09,12,240,1
2022-10-10,12,240,1
2022-10-11,12,240,1
2022-10-12,12,240,1
2022-10-13,12,240,1
2022-10-14,12,240,1
2022-10-15,12,240,1
2022-10-16,12,240,1
2022-10-17,12,240,1
2022-10-18,12,240,1
2022-10-19,12,240,1
2022-10-20,12,240,1
2022-10-21,12,240,1
2022-10-22,12,240,1
2022-10-23,12,240,1
2022-10-24,12,240,1
2022-10-25,12,240,1
2022-10-26,12,240,1
2022-10-27,12,240,1
2022-10-28,12,240,1
2022-10-29,12,240,1
2022-10-30,12,240,1
2022-10-31,12,239,1
2022-11-01,12,240,1
2022-11-02,12,240,1
2022-11-03,12,240,1
2022-11-04,12,240,1
2022-11-05,12,240,1
2022-11-06,12,238,1
2022-11-07,12,240,1
2022-11-08,12,240,1
2022-11-09,12,240,1
2022-11-10,12,240,1
2022-11-11,12,240,1
2022-11-12,12,240,1
2022-11-13,12,240,1
2022-11-14,12,239,1
2022-11-15,12,240,1
2022-11-16,12,239,1
2022-11-17,12,240,1
2022-11-18,12,240,1
2022-11-19,12,240,1
2022-11-20,12,240,1
2022-11-21,12,240,1
2022-11-22,12,235,1
2022-11-23,12,235,1
2022-11-24,12,240,1
2022-11-25,12,240,1
2022-11-26,12,240,1
2022-11-27,12,240,1
2022-11-28,12,240,1
2022-11-29,12,240,1
2022-11-30,12,240,1
2022-12-01,12,239,1
2022-12-02,12,240,1
2022-12-03,12,240,1
2022-12-04,12,231,1
2022-12-05,12,237,1
2022-12-06,12,239,1
2022-12-07,12,239,1
2022-12-08,12,225,0
2022-12-09,12,234,1
2022-12-10,12,229,0
2022-12-11,12,221,0
2022-12-12,12,234,1
2022-12-13,12,240,1
2022-12-14,12,240,1
2022-12-15,12,239,1
2022-12-16,12,240,1
2022-12-17,12,240,1
2022-12-18,12,240,1
2022-12-19,12,239,1
2022-12-20,12,229,0
2022-12-21,12,231,1
2022-12-22,12,240,1
2022-12-23,12,239,1
2022-12-24,12,240,1
2022-12-25,12,240,1
2022-12-26,12,240,1
2022-12-27,12,237,1
2022-12-28,12,239,1
2022-12-29,12,240,1
2022-12-30,12,240,1
2022-12-31,12,240,1
2023-01-01,12,240,1
2023-01-02,12,240,1
2023-01-03,12,240,1
2023-01-04,12,239,1
2023-01-05,12,239,1
2023-01-06,12,240,1
2023-01-07,12,240,1
2023-01-08,12,239,1
2023-01-09,12,240,1
2023-01-10,12,202,0
2023-01-11,12,240,1
2023-01-12,12,240,1
2023-01-13,12,237,1
2023-01-14,12,240,1
2023-01-15,12,239,1
2023-01-16,12,240,1
2023-01-17,12,240,1
2023-01-18,12,239,1
2023-01-19,12,239,1
2023-01-20,12,238,1
2023-01-21,12,202,0
2023-01-22,12,222,0
2023-01-23,12,240,1
2023-01-24,12,240,1
2023-01-25,12,240,1
2023-01-26,12,240,1
2023-01-27,12,240,1
2023-01-28,12,239,1
2023-01-29,12,240,1
2023-01-30,12,239,1
2023-01-31,12,239,1
2023-02-01,12,240,1
2023-02-02,12,240,1
2023-02-03,12,240,1
2023-02-04,12,239,1
2023-02-05,12,240,1
2023-02-06,12,240,1
2023-02-07,12,238,1
2023-02-08,12,239,1
2023-02-09,12,240,1
2023-02-10,12,240,1
2023-02-11,12,239,1
2023-02-12,12,240,1
2023-02-13,12,240,1
2023-02-14,12,240,1
2023-02-15,12,239,1
2023-02-16,12,239,1
2023-02-17,12,239,1
2023-02-18,12,240,1
2023-02-19,12,240,1
2023-02-20,12,239,1
2023-02-21,12,238,1
2023-02-22,12,240,1
2023-02-23,12,238,1
2023-02-24,12,239,1
2023-02-25,12,240,1
2023-02-26,12,240,1
2023-02-27,12,239,1
2023-02-28,12,237,1
2023-03-01,12,240,1
2023-03-02,12,240,1
2023-03-03,12,239,1
2023-03-04,12,240,1
2023-03-05,12,239,1
2023-03-06,12,239,1
2023-03-07,12,240,1
2023-03-08,12,239,1
2023-03-09,12,240,1
2023-03-10,12,240,1
2023-03-11,12,240,1
2023-03-12,12,240,1
2023-03-13,12,238,1
2023-03-14,12,240,1
2023-03-15,12,240,1
2023-03-16,12,240,1
2023-03-17,12,239,1
2023-03-18,12,239,1
2023-03-19,12,240,1
2023-03-20,12,238,1
2023-03-21,12,240,1
2023-03-22,12,239,1
2023-03-23,12,240,1
2023-03-24,12,240,1
2023-03-25,12,240,1
2023-03-26,12,240,1
2023-03-27,12,239,1
2023-03-28,12,240,1
2023-03-29,12,240,1
2023-03-30,12,240,1
2023-03-31,12,240,1
2023-04-01,12,240,1
2023-04-02,12,240,1
2023-04-03,12,235,1
2023-04-04,12,240,1
2023-04-05,12,228,0
2023-04-06,12,238,1
2023-04-07,12,240,1
2023-04-08,12,240,1
2023-04-09,12,240,1
2023-04-10,12,237,1
2023-04-11,12,240,1
2023-04-12,12,239,1
2023-04-13,12,239,1
2023-04-14,12,239,1
2023-04-15,12,240,1
2023-04-16,12,239,1
2023-04-17,12,239,1
2023-04-18,12,240,1
2023-04-19,12,240,1
2023-04-20,12,239,1
2023-04-21,12,239,1
2023-04-22,12,239,1
2023-04-23,12,240,1
2023-04-24,12,239,1
2023-04-25,12,240,1
2023-04-26,12,239,1
2023-04-27,12,240,1
2023-04-28,12,240,1
2023-04-29,12,240,1
2023-04-30,12,240,1
2023-05-01,12,240,1
2023-05-02,12,240,1
2023-05-03,12,240,1
2023-05-04,12,237,1
2023-05-05,12,240,1
2023-05-06,12,238,1
2023-05-07,12,240,1
2023-05-08,12,239,1
2023-05-09,12,239,1
2023-05-10,12,240,1
2023-05-11,12,238,1
2023-05-12,12,240,1
2023-05-13,12,240,1
2023-05-14,12,240,1
2023-05-15,12,240,1
2023-05-16,12,240,1
2023-05-17,12,240,1
2023-05-18,12,240,1
2023-05-19,12,239,1
2023-05-20,12,238,1
2023-05-21,12,239,1
2023-05-22,12,240,1
2023-05-23,12,240,1
2023-05-24,12,240,1
2023-05-25,12,240,1
2023-05-26,12,240,1
2023-05-27,12,240,1
2023-05-28,12,240,1
2023-05-29,12,222,0
2023-05-30,12,240,1
2023-05-31,12,240,1
2023-06-01,12,240,1
2023-06-02,12,240,1
2023-06-03,12,240,1
2023-06-04,12,240,1
2023-06-05,12,239,1
2023-06-06,12,239,1
2023-06-07,12,239,1
2023-06-08,12,235,1
2023-06-09,12,240,1
2023-06-10,12,206,0
2023-06-11,12,237,1
2023-06-12,12,240,1
2023-06-13,12,240,1
2023-06-14,12,239,1
2023-06-15,12,239,1
2023-06-15,12,142,0
2022-08-10,13,0,0
2022-08-11,13,0,0
2022-08-12,13,0,0
2022-08-13,13,0,0
2022-08-14,13,0,0
2022-08-15,13,0,0
2022-08-16,13,0,0
2022-08-17,13,0,0
2022-08-18,13,0,0
2022-08-19,13,0,0
2022-08-20,13,0,0
2022-08-21,13,0,0
2022-08-22,13,0,0
2022-08-23,13,0,0
2022-08-24,13,0,0
2022-08-25,13,24,0
2022-08-26,13,240,1
2022-08-27,13,240,1
2022-08-28,13,240,1
2022-08-29,13,240,1
2022-08-30,13,239,1
2022-08-31,13,239,1
2022-09-01,13,239,1
2022-09-02,13,228,0
2022-09-03,13,233,1
2022-09-04,13,239,1
2022-09-05,13,240,1
2022-09-06,13,240,1
2022-09-07,13,240,1
2022-09-08,13,240,1
2022-09-09,13,240,1
2022-09-10,13,238,1
2022-09-11,13,235,1
2022-09-12,13,237,1
2022-09-13,13,240,1
2022-09-14,13,240,1
2022-09-15,13,237,1
2022-09-16,13,239,1
2022-09-17,13,233,1
2022-09-18,13,240,1
2022-09-19,13,240,1
2022-09-20,13,240,1
2022-09-21,13,240,1
2022-09-22,13,240,1
2022-09-23,13,240,1
2022-09-24,13,240,1
2022-09-25,13,240,1
2022-09-26,13,239,1
2022-09-27,13,231,1
2022-09-28,13,240,1
2022-09-29,13,240,1
2022-09-30,13,240,1
2022-10-01,13,240,1
2022-10-02,13,240,1
2022-10-03,13,240,1
2022-10-04,13,240,1
2022-10-05,13,240,1
2022-10-06,13,240,1
2022-10-07,13,227,0
2022-10-08,13,240,1
2022-10-09,13,240,1
2022-10-10,13,240,1
2022-10-11,13,240,1
2022-10-12,13,240,1
2022-10-13,13,240,1
2022-10-14,13,240,1
2022-10-15,13,240,1
2022-10-16,13,240,1
2022-10-17,13,231,1
2022-10-18,13,240,1
2022-10-19,13,240,1
2022-10-20,13,235,1
2022-10-21,13,238,1
2022-10-22,13,238,1
2022-10-23,13,240,1
2022-10-24,13,234,1
2022-10-25,13,240,1
2022-10-26,13,240,1
2022-10-27,13,240,1
2022-10-28,13,231,1
2022-10-29,13,240,1
2022-10-30,13,240,1
2022-10-31,13,238,1
2022-11-01,13,239,1
2022-11-02,13,240,1
2022-11-03,13,240,1
2022-11-04,13,240,1
2022-11-05,13,240,1
2022-11-06,13,238,1
2022-11-07,13,240,1
2022-11-08,13,239,1
2022-11-09,13,239,1
2022-11-10,13,240,1
2022-11-11,13,240,1
2022-11-12,13,240,1
2022-11-13,13,240,1
2022-11-14,13,240,1
2022-11-15,13,240,1
2022-11-16,13,240,1
2022-11-17,13,238,1
2022-11-18,13,240,1
2022-11-19,13,239,1
2022-11-20,13,240,1
2022-11-21,13,240,1
2022-11-22,13,236,1
2022-11-23,13,235,1
2022-11-24,13,240,1
2022-11-25,13,240,1
2022-11-26,13,240,1
2022-11-27,13,240,1
2022-11-28,13,240,1
2022-11-29,13,240,1
2022-11-30,13,240,1
2022-12-01,13,240,1
2022-12-02,13,239,1
2022-12-03,13,222,0
2022-12-04,13,240,1
2022-12-05,13,240,1
2022-12-06,13,240,1
2022-12-07,13,240,1
2022-12-08,13,224,0
2022-12-09,13,240,1
2022-12-10,13,237,1
2022-12-11,13,221,0
2022-12-12,13,240,1
2022-12-13,13,240,1
2022-12-14,13,240,1
2022-12-15,13,240,1
2022-12-16,13,239,1
2022-12-17,13,240,1
2022-12-18,13,240,1
2022-12-19,13,240,1
2022-12-20,13,236,1
2022-12-21,13,220,0
2022-12-22,13,240,1
2022-12-23,13,240,1
2022-12-24,13,240,1
2022-12-25,13,240,1
2022-12-26,13,240,1
2022-12-27,13,240,1
2022-12-28,13,239,1
2022-12-29,13,240,1
2022-12-30,13,240,1
2022-12-31,13,240,1
2023-01-01,13,240,1
2023-01-02,13,240,1
2023-01-03,13,240,1
2023-01-04,13,240,1
2023-01-05,13,240,1
2023-01-06,13,240,1
2023-01-07,13,240,1
2023-01-08,13,240,1
2023-01-09,13,240,1
2023-01-10,13,206,0
2023-01-11,13,238,1
2023-01-12,13,240,1
2023-01-13,13,240,1
2023-01-14,13,240,1
2023-01-15,13,240,1
2023-01-16,13,240,1
2023-01-17,13,240,1
2023-01-18,13,240,1
2023-01-19,13,240,1
2023-01-20,13,231,1
2023-01-21,13,177,0
2023-01-22,13,222,0
2023-01-23,13,240,1
2023-01-24,13,240,1
2023-01-25,13,240,1
2023-01-26,13,240,1
2023-01-27,13,240,1
2023-01-28,13,239,1
2023-01-29,13,240,1
2023-01-30,13,240,1
2023-01-31,13,239,1
2023-02-01,13,239,1
2023-02-02,13,240,1
2023-02-03,13,240,1
2023-02-04,13,240,1
2023-02-05,13,240,1
2023-02-06,13,240,1
2023-02-07,13,239,1
2023-02-08,13,240,1
2023-02-09,13,240,1
2023-02-10,13,239,1
2023-02-11,13,240,1
2023-02-12,13,235,1
2023-02-13,13,240,1
2023-02-14,13,240,1
2023-02-15,13,240,1
2023-02-16,13,240,1
2023-02-17,13,240,1
2023-02-18,13,240,1
2023-02-19,13,239,1
2023-02-20,13,240,1
2023-02-21,13,240,1
2023-02-22,13,239,1
2023-02-23,13,239,1
2023-02-24,13,240,1
2023-02-25,13,240,1
2023-02-26,13,240,1
2023-02-27,13,240,1
2023-02-28,13,240,1
2023-03-01,13,240,1
2023-03-02,13,240,1
2023-03-03,13,240,1
2023-03-04,13,240,1
2023-03-05,13,240,1
2023-03-06,13,240,1
2023-03-07,13,240,1
2023-03-08,13,239,1
2023-03-09,13,240,1
2023-03-10,13,240,1
2023-03-11,13,240,1
2023-03-12,13,240,1
2023-03-13,13,240,1
2023-03-14,13,239,1
2023-03-15,13,240,1
2023-03-16,13,240,1
2023-03-17,13,238,1
2023-03-18,13,240,1
2023-03-19,13,240,1
2023-03-20,13,240,1
2023-03-21,13,240,1
2023-03-22,13,240,1
2023-03-23,13,240,1
2023-03-24,13,240,1
2023-03-25,13,240,1
2023-03-26,13,240,1
2023-03-27,13,240,1
2023-03-28,13,240,1
2023-03-29,13,240,1
2023-03-30,13,240,1
2023-03-31,13,240,1
2023-04-01,13,237,1
2023-04-02,13,240,1
2023-04-03,13,235,1
2023-04-04,13,240,1
2023-04-05,13,220,0
2023-04-06,13,238,1
2023-04-07,13,240,1
2023-04-08,13,240,1
2023-04-09,13,240,1
2023-04-10,13,226,0
2023-04-11,13,240,1
2023-04-12,13,239,1
2023-04-13,13,240,1
2023-04-14,13,240,1
2023-04-15,13,240,1
2023-04-16,13,232,1
2023-04-17,13,239,1
2023-04-18,13,239,1
2023-04-19,13,240,1
2023-04-20,13,239,1
2023-04-21,13,239,1
2023-04-22,13,237,1
2023-04-23,13,240,1
2023-04-24,13,240,1
2023-04-25,13,240,1
2023-04-26,13,239,1
2023-04-27,13,239,1
2023-04-28,13,238,1
2023-04-29,13,240,1
2023-04-30,13,240,1
2023-05-01,13,240,1
2023-05-02,13,240,1
2023-05-03,13,240,1
2023-05-04,13,237,1
2023-05-05,13,240,1
2023-05-06,13,240,1
2023-05-07,13,240,1
2023-05-08,13,240,1
2023-05-09,13,240,1
2023-05-10,13,240,1
2023-05-11,13,240,1
2023-05-12,13,240,1
2023-05-13,13,240,1
2023-05-14,13,224,0
2023-05-15,13,240,1
2023-05-16,13,240,1
2023-05-17,13,240,1
2023-05-18,13,240,1
2023-05-19,13,238,1
2023-05-20,13,235,1
2023-05-21,13,240,1
2023-05-22,13,236,1
2023-05-23,13,240,1
2023-05-24,13,240,1
2023-05-25,13,240,1
2023-05-26,13,240,1
2023-05-27,13,240,1
2023-05-28,13,240,1
2023-05-29,13,238,1
2023-05-30,13,235,1
2023-05-31,13,235,1
2023-06-01,13,240,1
2023-06-02,13,239,1
2023-06-03,13,238,1
2023-06-04,13,240,1
2023-06-05,13,228,0
2023-06-06,13,236,1
2023-06-07,13,239,1
2023-06-08,13,238,1
2023-06-09,13,240,1
2023-06-10,13,208,0
2023-06-11,13,240,1
2023-06-12,13,240,1
2023-06-13,13,240,1
2023-06-14,13,240,1
2023-06-15,13,240,1
2023-06-15,13,143,0
2022-08-10,14,0,0
2022-08-11,14,0,0
2022-08-12,14,0,0
2022-08-13,14,0,0
2022-08-14,14,0,0
2022-08-15,14,0,0
2022-08-16,14,0,0
2022-08-17,14,0,0
2022-08-18,14,0,0
2022-08-19,14,0,0
2022-08-20,14,0,0
2022-08-21,14,0,0
2022-08-22,14,0,0
2022-08-23,14,0,0
2022-08-24,14,0,0
2022-08-25,14,0,0
2022-08-26,14,0,0
2022-08-27,14,0,0
2022-08-28,14,0,0
2022-08-29,14,0,0
2022-08-30,14,0,0
2022-08-31,14,0,0
2022-09-01,14,154,0
2022-09-02,14,238,1
2022-09-03,14,238,1
2022-09-04,14,239,1
2022-09-05,14,239,1
2022-09-06,14,240,1
2022-09-07,14,238,1
2022-09-08,14,240,1
2022-09-09,14,240,1
2022-09-10,14,240,1
2022-09-11,14,240,1
2022-09-12,14,240,1
2022-09-13,14,118,0
2022-09-14,14,0,0
2022-09-15,14,0,0
2022-09-16,14,0,0
2022-09-17,14,0,0
2022-09-18,14,0,0
2022-09-19,14,0,0
2022-09-20,14,0,0
2022-09-21,14,0,0
2022-09-22,14,0,0
2022-09-23,14,0,0
2022-09-24,14,0,0
2022-09-25,14,0,0
2022-09-26,14,0,0
2022-09-27,14,0,0
2022-09-28,14,0,0
2022-09-29,14,0,0
2022-09-30,14,0,0
2022-10-01,14,0,0
2022-10-02,14,0,0
2022-10-03,14,0,0
2022-10-04,14,0,0
2022-10-05,14,0,0
2022-10-06,14,0,0
2022-10-07,14,0,0
2022-10-08,14,0,0
2022-10-09,14,0,0
2022-10-10,14,0,0
2022-10-11,14,0,0
2022-10-12,14,0,0
2022-10-13,14,0,0
2022-10-14,14,0,0
2022-10-15,14,0,0
2022-10-16,14,0,0
2022-10-17,14,0,0
2022-10-18,14,0,0
2022-10-19,14,0,0
2022-10-20,14,0,0
2022-10-21,14,0,0
2022-10-22,14,0,0
2022-10-23,14,0,0
2022-10-24,14,0,0
2022-10-25,14,0,0
2022-10-26,14,0,0
2022-10-27,14,0,0
2022-10-28,14,0,0
2022-10-29,14,0,0
2022-10-30,14,0,0
2022-10-31,14,0,0
2022-11-01,14,0,0
2022-11-02,14,0,0
2022-11-03,14,0,0
2022-11-04,14,0,0
2022-11-05,14,0,0
2022-11-06,14,0,0
2022-11-07,14,0,0
2022-11-08,14,0,0
2022-11-09,14,0,0
2022-11-10,14,0,0
2022-11-11,14,0,0
2022-11-12,14,0,0
2022-11-13,14,0,0
2022-11-14,14,0,0
2022-11-15,14,0,0
2022-11-16,14,0,0
2022-11-17,14,0,0
2022-11-18,14,0,0
2022-11-19,14,0,0
2022-11-20,14,0,0
2022-11-21,14,0,0
2022-11-22,14,0,0
2022-11-23,14,0,0
2022-11-24,14,0,0
2022-11-25,14,0,0
2022-11-26,14,0,0
2022-11-27,14,0,0
2022-11-28,14,0,0
2022-11-29,14,0,0
2022-11-30,14,0,0
2022-12-01,14,0,0
2022-12-02,14,0,0
2022-12-03,14,0,0
2022-12-04,14,0,0
2022-12-05,14,0,0
2022-12-06,14,0,0
2022-12-07,14,0,0
2022-12-08,14,0,0
2022-12-09,14,0,0
2022-12-10,14,0,0
2022-12-11,14,0,0
2022-12-12,14,0,0
2022-12-13,14,0,0
2022-12-14,14,0,0
2022-12-15,14,0,0
2022-12-16,14,0,0
2022-12-17,14,0,0
2022-12-18,14,0,0
2022-12-19,14,0,0
2022-12-20,14,0,0
2022-12-21,14,0,0
2022-12-22,14,0,0
2022-12-23,14,0,0
2022-12-24,14,0,0
2022-12-25,14,0,0
2022-12-26,14,0,0
2022-12-27,14,0,0
2022-12-28,14,0,0
2022-12-29,14,0,0
2022-12-30,14,0,0
2022-12-31,14,0,0
2023-01-01,14,0,0
2023-01-02,14,0,0
2023-01-03,14,0,0
2023-01-04,14,0,0
2023-01-05,14,0,0
2023-01-06,14,0,0
2023-01-07,14,0,0
2023-01-08,14,0,0
2023-01-09,14,0,0
2023-01-10,14,0,0
2023-01-11,14,0,0
2023-01-12,14,0,0
2023-01-13,14,0,0
2023-01-14,14,0,0
2023-01-15,14,0,0
2023-01-16,14,0,0
2023-01-17,14,0,0
2023-01-18,14,0,0
2023-01-19,14,0,0
2023-01-20,14,0,0
2023-01-21,14,0,0
2023-01-22,14,0,0
2023-01-23,14,0,0
2023-01-24,14,0,0
2023-01-25,14,0,0
2023-01-26,14,0,0
2023-01-27,14,0,0
2023-01-28,14,0,0
2023-01-29,14,0,0
2023-01-30,14,0,0
2023-01-31,14,0,0
2023-02-01,14,0,0
2023-02-02,14,0,0
2023-02-03,14,0,0
2023-02-04,14,0,0
2023-02-05,14,0,0
2023-02-06,14,0,0
2023-02-07,14,0,0
2023-02-08,14,0,0
2023-02-09,14,0,0
2023-02-10,14,0,0
2023-02-11,14,0,0
2023-02-12,14,0,0
2023-02-13,14,0,0
2023-02-14,14,0,0
2023-02-15,14,0,0
2023-02-16,14,0,0
2023-02-17,14,0,0
2023-02-18,14,0,0
2023-02-19,14,0,0
2023-02-20,14,0,0
2023-02-21,14,0,0
2023-02-22,14,0,0
2023-02-23,14,0,0
2023-02-24,14,0,0
2023-02-25,14,0,0
2023-02-26,14,0,0
2023-02-27,14,0,0
2023-02-28,14,0,0
2023-03-01,14,0,0
2023-03-02,14,0,0
2023-03-03,14,0,0
2023-03-04,14,0,0
2023-03-05,14,0,0
2023-03-06,14,0,0
2023-03-07,14,0,0
2023-03-08,14,0,0
2023-03-09,14,0,0
2023-03-10,14,0,0
2023-03-11,14,0,0
2023-03-12,14,0,0
2023-03-13,14,0,0
2023-03-14,14,0,0
2023-03-15,14,0,0
2023-03-16,14,0,0
2023-03-17,14,0,0
2023-03-18,14,0,0
2023-03-19,14,0,0
2023-03-20,14,0,0
2023-03-21,14,0,0
2023-03-22,14,0,0
2023-03-23,14,0,0
2023-03-24,14,0,0
2023-03-25,14,0,0
2023-03-26,14,0,0
2023-03-27,14,0,0
2023-03-28,14,0,0
2023-03-29,14,0,0
2023-03-30,14,0,0
2023-03-31,14,0,0
2023-04-01,14,0,0
2023-04-02,14,0,0
2023-04-03,14,0,0
2023-04-04,14,0,0
2023-04-05,14,0,0
2023-04-06,14,0,0
2023-04-07,14,0,0
2023-04-08,14,0,0
2023-04-09,14,0,0
2023-04-10,14,0,0
2023-04-11,14,0,0
2023-04-12,14,0,0
2023-04-13,14,0,0
2023-04-14,14,0,0
2023-04-15,14,0,0
2023-04-16,14,0,0
2023-04-17,14,0,0
2023-04-18,14,0,0
2023-04-19,14,0,0
2023-04-20,14,0,0
2023-04-21,14,0,0
2023-04-22,14,0,0
2023-04-23,14,0,0
2023-04-24,14,0,0
2023-04-25,14,0,0
2023-04-26,14,0,0
2023-04-27,14,0,0
2023-04-28,14,0,0
2023-04-29,14,0,0
2023-04-30,14,0,0
2023-05-01,14,0,0
2023-05-02,14,0,0
2023-05-03,14,0,0
2023-05-04,14,0,0
2023-05-05,14,0,0
2023-05-06,14,0,0
2023-05-07,14,0,0
2023-05-08,14,0,0
2023-05-09,14,0,0
2023-05-10,14,0,0
2023-05-11,14,0,0
2023-05-12,14,0,0
2023-05-13,14,0,0
2023-05-14,14,0,0
2023-05-15,14,0,0
2023-05-16,14,0,0
2023-05-17,14,0,0
2023-05-18,14,0,0
2023-05-19,14,0,0
2023-05-20,14,0,0
2023-05-21,14,0,0
2023-05-22,14,0,0
2023-05-23,14,0,0
2023-05-24,14,0,0
2023-05-25,14,0,0
2023-05-26,14,0,0
2023-05-27,14,0,0
2023-05-28,14,0,0
2023-05-29,14,0,0
2023-05-30,14,0,0
2023-05-31,14,0,0
2023-06-01,14,0,0
2023-06-02,14,0,0
2023-06-03,14,0,0
2023-06-04,14,0,0
2023-06-05,14,0,0
2023-06-06,14,0,0
2023-06-07,14,0,0
2023-06-08,14,0,0
2023-06-09,14,0,0
2023-06-10,14,0,0
2023-06-11,14,0,0
2023-06-12,14,0,0
2023-06-13,14,0,0
2023-06-14,14,0,0
2023-06-15,14,0,0
2023-06-15,14,0,0
2022-08-10,15,0,0
2022-08-11,15,0,0
2022-08-12,15,0,0
2022-08-13,15,0,0
2022-08-14,15,0,0
2022-08-15,15,0,0
2022-08-16,15,0,0
2022-08-17,15,0,0
2022-08-18,15,0,0
2022-08-19,15,0,0
2022-08-20,15,0,0
2022-08-21,15,0,0
2022-08-22,15,0,0
2022-08-23,15,0,0
2022-08-24,15,0,0
2022-08-25,15,24,0
2022-08-26,15,240,1
2022-08-27,15,240,1
2022-08-28,15,240,1
2022-08-29,15,239,1
2022-08-30,15,240,1
2022-08-31,15,233,1
2022-09-01,15,239,1
2022-09-02,15,240,1
2022-09-03,15,236,1
2022-09-04,15,239,1
2022-09-05,15,238,1
2022-09-06,15,240,1
2022-09-07,15,240,1
2022-09-08,15,236,1
2022-09-09,15,240,1
2022-09-10,15,240,1
2022-09-11,15,240,1
2022-09-12,15,239,1
2022-09-13,15,240,1
2022-09-14,15,210,0
2022-09-15,15,236,1
2022-09-16,15,239,1
2022-09-17,15,239,1
2022-09-18,15,240,1
2022-09-19,15,240,1
2022-09-20,15,240,1
2022-09-21,15,240,1
2022-09-22,15,240,1
2022-09-23,15,218,0
2022-09-24,15,240,1
2022-09-25,15,240,1
2022-09-26,15,240,1
2022-09-27,15,238,1
2022-09-28,15,240,1
2022-09-29,15,240,1
2022-09-30,15,240,1
2022-10-01,15,240,1
2022-10-02,15,240,1
2022-10-03,15,235,1
2022-10-04,15,240,1
2022-10-05,15,240,1
2022-10-06,15,240,1
2022-10-07,15,240,1
2022-10-08,15,240,1
2022-10-09,15,240,1
2022-10-10,15,240,1
2022-10-11,15,239,1
2022-10-12,15,240,1
2022-10-13,15,239,1
2022-10-14,15,238,1
2022-10-15,15,239,1
2022-10-16,15,239,1
2022-10-17,15,240,1
2022-10-18,15,239,1
2022-10-19,15,240,1
2022-10-20,15,240,1
2022-10-21,15,240,1
2022-10-22,15,240,1
2022-10-23,15,239,1
2022-10-24,15,240,1
2022-10-25,15,238,1
2022-10-26,15,239,1
2022-10-27,15,239,1
2022-10-28,15,238,1
2022-10-29,15,240,1
2022-10-30,15,240,1
2022-10-31,15,240,1
2022-11-01,15,239,1
2022-11-02,15,240,1
2022-11-03,15,240,1
2022-11-04,15,240,1
2022-11-05,15,240,1
2022-11-06,15,239,1
2022-11-07,15,238,1
2022-11-08,15,239,1
2022-11-09,15,240,1
2022-11-10,15,240,1
2022-11-11,15,238,1
2022-11-12,15,240,1
2022-11-13,15,239,1
2022-11-14,15,239,1
2022-11-15,15,240,1
2022-11-16,15,240,1
2022-11-17,15,237,1
2022-11-18,15,240,1
2022-11-19,15,240,1
2022-11-20,15,239,1
2022-11-21,15,240,1
2022-11-22,15,237,1
2022-11-23,15,233,1
2022-11-24,15,240,1
2022-11-25,15,240,1
2022-11-26,15,240,1
2022-11-27,15,239,1
2022-11-28,15,239,1
2022-11-29,15,239,1
2022-11-30,15,197,0
2022-12-01,15,238,1
2022-12-02,15,239,1
2022-12-03,15,240,1
2022-12-04,15,239,1
2022-12-05,15,240,1
2022-12-06,15,240,1
2022-12-07,15,240,1
2022-12-08,15,226,0
2022-12-09,15,232,1
2022-12-10,15,237,1
2022-12-11,15,215,0
2022-12-12,15,236,1
2022-12-13,15,240,1
2022-12-14,15,240,1
2022-12-15,15,239,1
2022-12-16,15,239,1
2022-12-17,15,239,1
2022-12-18,15,239,1
2022-12-19,15,233,1
2022-12-20,15,236,1
2022-12-21,15,230,0
2022-12-22,15,239,1
2022-12-23,15,239,1
2022-12-24,15,239,1
2022-12-25,15,240,1
2022-12-26,15,239,1
2022-12-27,15,240,1
2022-12-28,15,239,1
2022-12-29,15,240,1
2022-12-30,15,239,1
2022-12-31,15,240,1
2023-01-01,15,240,1
2023-01-02,15,240,1
2023-01-03,15,240,1
2023-01-04,15,239,1
2023-01-05,15,240,1
2023-01-06,15,240,1
2023-01-07,15,239,1
2023-01-08,15,240,1
2023-01-09,15,239,1
2023-01-10,15,210,0
2023-01-11,15,238,1
2023-01-12,15,239,1
2023-01-13,15,239,1
2023-01-14,15,240,1
2023-01-15,15,240,1
2023-01-16,15,239,1
2023-01-17,15,240,1
2023-01-18,15,240,1
2023-01-19,15,238,1
2023-01-20,15,236,1
2023-01-21,15,200,0
2023-01-22,15,0,0
2023-01-23,15,0,0
2023-01-24,15,0,0
2023-01-25,15,0,0
2023-01-26,15,0,0
2023-01-27,15,0,0
2023-01-28,15,0,0
2023-01-29,15,0,0
2023-01-30,15,0,0
2023-01-31,15,0,0
2023-02-01,15,0,0
2023-02-02,15,0,0
2023-02-03,15,0,0
2023-02-04,15,0,0
2023-02-05,15,0,0
2023-02-06,15,0,0
2023-02-07,15,0,0
2023-02-08,15,0,0
2023-02-09,15,0,0
2023-02-10,15,0,0
2023-02-11,15,0,0
2023-02-12,15,0,0
2023-02-13,15,0,0
2023-02-14,15,0,0
2023-02-15,15,0,0
2023-02-16,15,0,0
2023-02-17,15,0,0
2023-02-18,15,0,0
2023-02-19,15,0,0
2023-02-20,15,0,0
2023-02-21,15,0,0
2023-02-22,15,0,0
2023-02-23,15,0,0
2023-02-24,15,0,0
2023-02-25,15,0,0
2023-02-26,15,0,0
2023-02-27,15,0,0
2023-02-28,15,0,0
2023-03-01,15,0,0
2023-03-02,15,0,0
2023-03-03,15,0,0
2023-03-04,15,0,0
2023-03-05,15,0,0
2023-03-06,15,0,0
2023-03-07,15,0,0
2023-03-08,15,0,0
2023-03-09,15,0,0
2023-03-10,15,0,0
2023-03-11,15,0,0
2023-03-12,15,0,0
2023-03-13,15,0,0
2023-03-14,15,0,0
2023-03-15,15,0,0
2023-03-16,15,0,0
2023-03-17,15,0,0
2023-03-18,15,0,0
2023-03-19,15,0,0
2023-03-20,15,0,0
2023-03-21,15,0,0
2023-03-22,15,0,0
2023-03-23,15,0,0
2023-03-24,15,0,0
2023-03-25,15,0,0
2023-03-26,15,0,0
2023-03-27,15,0,0
2023-03-28,15,0,0
2023-03-29,15,0,0
2023-03-30,15,0,0
2023-03-31,15,0,0
2023-04-01,15,0,0
2023-04-02,15,0,0
2023-04-03,15,0,0
2023-04-04,15,0,0
2023-04-05,15,0,0
2023-04-06,15,0,0
2023-04-07,15,0,0
2023-04-08,15,0,0
2023-04-09,15,0,0
2023-04-10,15,0,0
2023-04-11,15,0,0
2023-04-12,15,0,0
2023-04-13,15,0,0
2023-04-14,15,0,0
2023-04-15,15,0,0
2023-04-16,15,0,0
2023-04-17,15,0,0
2023-04-18,15,0,0
2023-04-19,15,0,0
2023-04-20,15,0,0
2023-04-21,15,0,0
2023-04-22,15,0,0
2023-04-23,15,0,0
2023-04-24,15,0,0
2023-04-25,15,0,0
2023-04-26,15,0,0
2023-04-27,15,0,0
2023-04-28,15,0,0
2023-04-29,15,0,0
2023-04-30,15,0,0
2023-05-01,15,0,0
2023-05-02,15,0,0
2023-05-03,15,0,0
2023-05-04,15,0,0
2023-05-05,15,0,0
2023-05-06,15,0,0
2023-05-07,15,0,0
2023-05-08,15,0,0
2023-05-09,15,0,0
2023-05-10,15,0,0
2023-05-11,15,0,0
2023-05-12,15,0,0
2023-05-13,15,0,0
2023-05-14,15,0,0
2023-05-15,15,0,0
2023-05-16,15,0,0
2023-05-17,15,0,0
2023-05-18,15,0,0
2023-05-19,15,0,0
2023-05-20,15,0,0
2023-05-21,15,0,0
2023-05-22,15,0,0
2023-05-23,15,0,0
2023-05-24,15,0,0
2023-05-25,15,0,0
2023-05-26,15,0,0
2023-05-27,15,0,0
2023-05-28,15,0,0
2023-05-29,15,0,0
2023-05-30,15,0,0
2023-05-31,15,0,0
2023-06-01,15,0,0
2023-06-02,15,0,0
2023-06-03,15,0,0
2023-06-04,15,0,0
2023-06-05,15,0,0
2023-06-06,15,0,0
2023-06-07,15,0,0
2023-06-08,15,0,0
2023-06-09,15,0,0
2023-06-10,15,0,0
2023-06-11,15,0,0
2023-06-12,15,0,0
2023-06-13,15,0,0
2023-06-14,15,0,0
2023-06-15,15,0,0
2023-06-15,15,0,0
2022-08-10,2,0,0
2022-08-11,2,0,0
2022-08-12,2,0,0
2022-08-13,2,0,0
2022-08-14,2,0,0
2022-08-15,2,0,0
2022-08-16,2,0,0
2022-08-17,2,0,0
2022-08-18,2,0,0
2022-08-19,2,0,0
2022-08-20,2,0,0
2022-08-21,2,0,0
2022-08-22,2,0,0
2022-08-23,2,0,0
2022-08-24,2,0,0
2022-08-25,2,0,0
2022-08-26,2,0,0
2022-08-27,2,0,0
2022-08-28,2,0,0
2022-08-29,2,0,0
2022-08-30,2,0,0
2022-08-31,2,0,0
2022-09-01,2,0,0
2022-09-02,2,0,0
2022-09-03,2,0,0
2022-09-04,2,0,0
2022-09-05,2,0,0
2022-09-06,2,0,0
2022-09-07,2,0,0
2022-09-08,2,0,0
2022-09-09,2,0,0
2022-09-10,2,0,0
2022-09-11,2,0,0
2022-09-12,2,0,0
2022-09-13,2,0,0
2022-09-14,2,0,0
2022-09-15,2,0,0
2022-09-16,2,0,0
2022-09-17,2,0,0
2022-09-18,2,0,0
2022-09-19,2,0,0
2022-09-20,2,0,0
2022-09-21,2,0,0
2022-09-22,2,0,0
2022-09-23,2,0,0
2022-09-24,2,0,0
2022-09-25,2,0,0
2022-09-26,2,0,0
2022-09-27,2,0,0
2022-09-28,2,0,0
2022-09-29,2,0,0
2022-09-30,2,0,0
2022-10-01,2,0,0
2022-10-02,2,0,0
2022-10-03,2,0,0
2022-10-04,2,0,0
2022-10-05,2,0,0
2022-10-06,2,0,0
2022-10-07,2,0,0
2022-10-08,2,0,0
2022-10-09,2,0,0
2022-10-10,2,0,0
2022-10-11,2,0,0
2022-10-12,2,0,0
2022-10-13,2,0,0
2022-10-14,2,0,0
2022-10-15,2,0,0
2022-10-16,2,0,0
2022-10-17,2,0,0
2022-10-18,2,0,0
2022-10-19,2,0,0
2022-10-20,2,0,0
2022-10-21,2,0,0
2022-10-22,2,0,0
2022-10-23,2,0,0
2022-10-24,2,0,0
2022-10-25,2,0,0
2022-10-26,2,0,0
2022-10-27,2,0,0
2022-10-28,2,0,0
2022-10-29,2,0,0
2022-10-30,2,0,0
2022-10-31,2,0,0
2022-11-01,2,0,0
2022-11-02,2,0,0
2022-11-03,2,0,0
2022-11-04,2,78,0
2022-11-05,2,240,1
2022-11-06,2,238,1
2022-11-07,2,240,1
2022-11-08,2,239,1
2022-11-09,2,238,1
2022-11-10,2,239,1
2022-11-11,2,240,1
2022-11-12,2,240,1
2022-11-13,2,240,1
2022-11-14,2,240,1
2022-11-15,2,240,1
2022-11-16,2,240,1
2022-11-17,2,237,1
2022-11-18,2,240,1
2022-11-19,2,240,1
2022-11-20,2,240,1
2022-11-21,2,240,1
2022-11-22,2,234,1
2022-11-23,2,234,1
2022-11-24,2,240,1
2022-11-25,2,240,1
2022-11-26,2,240,1
2022-11-27,2,240,1
2022-11-28,2,238,1
2022-11-29,2,240,1
2022-11-30,2,238,1
2022-12-01,2,240,1
2022-12-02,2,230,0
2022-12-03,2,212,0
2022-12-04,2,240,1
2022-12-05,2,240,1
2022-12-06,2,240,1
2022-12-07,2,240,1
2022-12-08,2,222,0
2022-12-09,2,233,1
2022-12-10,2,228,0
2022-12-11,2,225,0
2022-12-12,2,236,1
2022-12-13,2,240,1
2022-12-14,2,240,1
2022-12-15,2,237,1
2022-12-16,2,127,0
2022-12-17,2,240,1
2022-12-18,2,240,1
2022-12-19,2,235,1
2022-12-20,2,232,1
2022-12-21,2,220,0
2022-12-22,2,240,1
2022-12-23,2,240,1
2022-12-24,2,240,1
2022-12-25,2,240,1
2022-12-26,2,240,1
2022-12-27,2,240,1
2022-12-28,2,240,1
2022-12-29,2,240,1
2022-12-30,2,240,1
2022-12-31,2,239,1
2023-01-01,2,240,1
2023-01-02,2,240,1
2023-01-03,2,239,1
2023-01-04,2,239,1
2023-01-05,2,237,1
2023-01-06,2,240,1
2023-01-07,2,240,1
2023-01-08,2,240,1
2023-01-09,2,233,1
2023-01-10,2,213,0
2023-01-11,2,237,1
2023-01-12,2,239,1
2023-01-13,2,239,1
2023-01-14,2,239,1
2023-01-15,2,231,1
2023-01-16,2,237,1
2023-01-17,2,230,0
2023-01-18,2,240,1
2023-01-19,2,239,1
2023-01-20,2,231,1
2023-01-21,2,203,0
2023-01-22,2,221,0
2023-01-23,2,240,1
2023-01-24,2,239,1
2023-01-25,2,240,1
2023-01-26,2,239,1
2023-01-27,2,240,1
2023-01-28,2,240,1
2023-01-29,2,240,1
2023-01-30,2,240,1
2023-01-31,2,239,1
2023-02-01,2,239,1
2023-02-02,2,240,1
2023-02-03,2,240,1
2023-02-04,2,240,1
2023-02-05,2,240,1
2023-02-06,2,150,0
2023-02-07,2,239,1
2023-02-08,2,240,1
2023-02-09,2,240,1
2023-02-10,2,240,1
2023-02-11,2,240,1
2023-02-12,2,238,1
2023-02-13,2,240,1
2023-02-14,2,240,1
2023-02-15,2,240,1
2023-02-16,2,240,1
2023-02-17,2,240,1
2023-02-18,2,240,1
2023-02-19,2,240,1
2023-02-20,2,240,1
2023-02-21,2,240,1
2023-02-22,2,239,1
2023-02-23,2,240,1
2023-02-24,2,240,1
2023-02-25,2,240,1
2023-02-26,2,237,1
2023-02-27,2,240,1
2023-02-28,2,240,1
2023-03-01,2,232,1
2023-03-02,2,240,1
2023-03-03,2,240,1
2023-03-04,2,240,1
2023-03-05,2,240,1
2023-03-06,2,239,1
2023-03-07,2,240,1
2023-03-08,2,240,1
2023-03-09,2,107,0
2023-03-10,2,240,1
2023-03-11,2,240,1
2023-03-12,2,155,0
2023-03-13,2,227,0
2023-03-14,2,240,1
2023-03-15,2,240,1
2023-03-16,2,240,1
2023-03-17,2,239,1
2023-03-18,2,240,1
2023-03-19,2,238,1
2023-03-20,2,240,1
2023-03-21,2,236,1
2023-03-22,2,240,1
2023-03-23,2,240,1
2023-03-24,2,240,1
2023-03-25,2,240,1
2023-03-26,2,240,1
2023-03-27,2,240,1
2023-03-28,2,240,1
2023-03-29,2,240,1
2023-03-30,2,240,1
2023-03-31,2,239,1
2023-04-01,2,240,1
2023-04-02,2,240,1
2023-04-03,2,213,0
2023-04-04,2,240,1
2023-04-05,2,227,0
2023-04-06,2,240,1
2023-04-07,2,240,1
2023-04-08,2,237,1
2023-04-09,2,240,1
2023-04-10,2,240,1
2023-04-11,2,240,1
2023-04-12,2,239,1
2023-04-13,2,240,1
2023-04-14,2,227,0
2023-04-15,2,240,1
2023-04-16,2,240,1
2023-04-17,2,240,1
2023-04-18,2,226,0
2023-04-19,2,240,1
2023-04-20,2,222,0
2023-04-21,2,204,0
2023-04-22,2,240,1
2023-04-23,2,240,1
2023-04-24,2,222,0
2023-04-25,2,237,1
2023-04-26,2,234,1
2023-04-27,2,226,0
2023-04-28,2,237,1
2023-04-29,2,239,1
2023-04-30,2,240,1
2023-05-01,2,240,1
2023-05-02,2,240,1
2023-05-03,2,240,1
2023-05-04,2,239,1
2023-05-05,2,239,1
2023-05-06,2,240,1
2023-05-07,2,240,1
2023-05-08,2,237,1
2023-05-09,2,240,1
2023-05-10,2,240,1
2023-05-11,2,240,1
2023-05-12,2,239,1
2023-05-13,2,233,1
2023-05-14,2,240,1
2023-05-15,2,239,1
2023-05-16,2,240,1
2023-05-17,2,240,1
2023-05-18,2,240,1
2023-05-19,2,240,1
2023-05-20,2,240,1
2023-05-21,2,240,1
2023-05-22,2,239,1
2023-05-23,2,240,1
2023-05-24,2,240,1
2023-05-25,2,238,1
2023-05-26,2,240,1
2023-05-27,2,239,1
2023-05-28,2,240,1
2023-05-29,2,239,1
2023-05-30,2,240,1
2023-05-31,2,240,1
2023-06-01,2,240,1
2023-06-02,2,239,1
2023-06-03,2,240,1
2023-06-04,2,235,1
2023-06-05,2,240,1
2023-06-06,2,240,1
2023-06-07,2,239,1
2023-06-08,2,205,0
2023-06-09,2,187,0
2023-06-10,2,171,0
2023-06-11,2,193,0
2023-06-12,2,237,1
2023-06-13,2,225,0
2023-06-14,2,201,0
2023-06-15,2,179,0
2023-06-15,2,143,0
2022-08-10,5,0,0
2022-08-11,5,0,0
2022-08-12,5,0,0
2022-08-13,5,0,0
2022-08-14,5,0,0
2022-08-15,5,0,0
2022-08-16,5,0,0
2022-08-17,5,0,0
2022-08-18,5,0,0
2022-08-19,5,0,0
2022-08-20,5,0,0
2022-08-21,5,0,0
2022-08-22,5,0,0
2022-08-23,5,0,0
2022-08-24,5,0,0
2022-08-25,5,0,0
2022-08-26,5,0,0
2022-08-27,5,0,0
2022-08-28,5,57,0
2022-08-29,5,240,1
2022-08-30,5,240,1
2022-08-31,5,240,1
2022-09-01,5,240,1
2022-09-02,5,240,1
2022-09-03,5,240,1
2022-09-04,5,240,1
2022-09-05,5,240,1
2022-09-06,5,240,1
2022-09-07,5,240,1
2022-09-08,5,240,1
2022-09-09,5,240,1
2022-09-10,5,240,1
2022-09-11,5,240,1
2022-09-12,5,240,1
2022-09-13,5,240,1
2022-09-14,5,238,1
2022-09-15,5,240,1
2022-09-16,5,240,1
2022-09-17,5,240,1
2022-09-18,5,240,1
2022-09-19,5,240,1
2022-09-20,5,239,1
2022-09-21,5,240,1
2022-09-22,5,239,1
2022-09-23,5,240,1
2022-09-24,5,239,1
2022-09-25,5,240,1
2022-09-26,5,240,1
2022-09-27,5,240,1
2022-09-28,5,240,1
2022-09-29,5,240,1
2022-09-30,5,240,1
2022-10-01,5,240,1
2022-10-02,5,239,1
2022-10-03,5,240,1
2022-10-04,5,240,1
2022-10-05,5,240,1
2022-10-06,5,240,1
2022-10-07,5,240,1
2022-10-08,5,240,1
2022-10-09,5,240,1
2022-10-10,5,240,1
2022-10-11,5,240,1
2022-10-12,5,240,1
2022-10-13,5,240,1
2022-10-14,5,240,1
2022-10-15,5,240,1
2022-10-16,5,240,1
2022-10-17,5,240,1
2022-10-18,5,240,1
2022-10-19,5,240,1
2022-10-20,5,240,1
2022-10-21,5,240,1
2022-10-22,5,240,1
2022-10-23,5,240,1
2022-10-24,5,240,1
2022-10-25,5,240,1
2022-10-26,5,239,1
2022-10-27,5,240,1
2022-10-28,5,238,1
2022-10-29,5,240,1
2022-10-30,5,240,1
2022-10-31,5,239,1
2022-11-01,5,239,1
2022-11-02,5,239,1
2022-11-03,5,33,0
2022-11-04,5,0,0
2022-11-05,5,0,0
2022-11-06,5,0,0
2022-11-07,5,0,0
2022-11-08,5,0,0
2022-11-09,5,0,0
2022-11-10,5,0,0
2022-11-11,5,0,0
2022-11-12,5,0,0
2022-11-13,5,0,0
2022-11-14,5,0,0
2022-11-15,5,0,0
2022-11-16,5,0,0
2022-11-17,5,0,0
2022-11-18,5,0,0
2022-11-19,5,0,0
2022-11-20,5,0,0
2022-11-21,5,0,0
2022-11-22,5,0,0
2022-11-23,5,0,0
2022-11-24,5,0,0
2022-11-25,5,0,0
2022-11-26,5,0,0
2022-11-27,5,0,0
2022-11-28,5,0,0
2022-11-29,5,0,0
2022-11-30,5,0,0
2022-12-01,5,0,0
2022-12-02,5,0,0
2022-12-03,5,0,0
2022-12-04,5,0,0
2022-12-05,5,0,0
2022-12-06,5,0,0
2022-12-07,5,0,0
2022-12-08,5,0,0
2022-12-09,5,0,0
2022-12-10,5,0,0
2022-12-11,5,0,0
2022-12-12,5,0,0
2022-12-13,5,0,0
2022-12-14,5,0,0
2022-12-15,5,0,0
2022-12-16,5,0,0
2022-12-17,5,0,0
2022-12-18,5,0,0
2022-12-19,5,0,0
2022-12-20,5,0,0
2022-12-21,5,0,0
2022-12-22,5,0,0
2022-12-23,5,0,0
2022-12-24,5,0,0
2022-12-25,5,0,0
2022-12-26,5,0,0
2022-12-27,5,0,0
2022-12-28,5,0,0
2022-12-29,5,0,0
2022-12-30,5,0,0
2022-12-31,5,0,0
2023-01-01,5,0,0
2023-01-02,5,0,0
2023-01-03,5,0,0
2023-01-04,5,0,0
2023-01-05,5,0,0
2023-01-06,5,0,0
2023-01-07,5,0,0
2023-01-08,5,0,0
2023-01-09,5,0,0
2023-01-10,5,0,0
2023-01-11,5,0,0
2023-01-12,5,0,0
2023-01-13,5,0,0
2023-01-14,5,0,0
2023-01-15,5,0,0
2023-01-16,5,0,0
2023-01-17,5,0,0
2023-01-18,5,0,0
2023-01-19,5,0,0
2023-01-20,5,0,0
2023-01-21,5,0,0
2023-01-22,5,0,0
2023-01-23,5,0,0
2023-01-24,5,0,0
2023-01-25,5,0,0
2023-01-26,5,0,0
2023-01-27,5,0,0
2023-01-28,5,0,0
2023-01-29,5,0,0
2023-01-30,5,0,0
2023-01-31,5,0,0
2023-02-01,5,0,0
2023-02-02,5,0,0
2023-02-03,5,0,0
2023-02-04,5,0,0
2023-02-05,5,0,0
2023-02-06,5,0,0
2023-02-07,5,0,0
2023-02-08,5,0,0
2023-02-09,5,0,0
2023-02-10,5,0,0
2023-02-11,5,0,0
2023-02-12,5,0,0
2023-02-13,5,0,0
2023-02-14,5,0,0
2023-02-15,5,0,0
2023-02-16,5,0,0
2023-02-17,5,0,0
2023-02-18,5,0,0
2023-02-19,5,0,0
2023-02-20,5,0,0
2023-02-21,5,0,0
2023-02-22,5,0,0
2023-02-23,5,0,0
2023-02-24,5,0,0
2023-02-25,5,0,0
2023-02-26,5,0,0
2023-02-27,5,0,0
2023-02-28,5,0,0
2023-03-01,5,0,0
2023-03-02,5,0,0
2023-03-03,5,0,0
2023-03-04,5,0,0
2023-03-05,5,0,0
2023-03-06,5,0,0
2023-03-07,5,0,0
2023-03-08,5,0,0
2023-03-09,5,0,0
2023-03-10,5,0,0
2023-03-11,5,0,0
2023-03-12,5,0,0
2023-03-13,5,0,0
2023-03-14,5,0,0
2023-03-15,5,0,0
2023-03-16,5,0,0
2023-03-17,5,0,0
2023-03-18,5,0,0
2023-03-19,5,0,0
2023-03-20,5,0,0
2023-03-21,5,0,0
2023-03-22,5,0,0
2023-03-23,5,0,0
2023-03-24,5,0,0
2023-03-25,5,0,0
2023-03-26,5,0,0
2023-03-27,5,0,0
2023-03-28,5,0,0
2023-03-29,5,0,0
2023-03-30,5,0,0
2023-03-31,5,0,0
2023-04-01,5,0,0
2023-04-02,5,65,0
2023-04-03,5,0,0
2023-04-04,5,0,0
2023-04-05,5,0,0
2023-04-06,5,0,0
2023-04-07,5,0,0
2023-04-08,5,0,0
2023-04-09,5,0,0
2023-04-10,5,0,0
2023-04-11,5,0,0
2023-04-12,5,0,0
2023-04-13,5,0,0
2023-04-14,5,0,0
2023-04-15,5,0,0
2023-04-16,5,0,0
2023-04-17,5,0,0
2023-04-18,5,0,0
2023-04-19,5,0,0
2023-04-20,5,0,0
2023-04-21,5,0,0
2023-04-22,5,0,0
2023-04-23,5,0,0
2023-04-24,5,0,0
2023-04-25,5,0,0
2023-04-26,5,0,0
2023-04-27,5,0,0
2023-04-28,5,0,0
2023-04-29,5,0,0
2023-04-30,5,0,0
2023-05-01,5,0,0
2023-05-02,5,56,0
2023-05-03,5,240,1
2023-05-04,5,232,1
2023-05-05,5,171,0
2023-05-06,5,240,1
2023-05-07,5,240,1
2023-05-08,5,240,1
2023-05-09,5,240,1
2023-05-10,5,240,1
2023-05-11,5,240,1
2023-05-12,5,240,1
2023-05-13,5,240,1
2023-05-14,5,240,1
2023-05-15,5,240,1
2023-05-16,5,240,1
2023-05-17,5,240,1
2023-05-18,5,240,1
2023-05-19,5,240,1
2023-05-20,5,240,1
2023-05-21,5,240,1
2023-05-22,5,240,1
2023-05-23,5,240,1
2023-05-24,5,240,1
2023-05-25,5,240,1
2023-05-26,5,240,1
2023-05-27,5,240,1
2023-05-28,5,240,1
2023-05-29,5,239,1
2023-05-30,5,240,1
2023-05-31,5,240,1
2023-06-01,5,240,1
2023-06-02,5,240,1
2023-06-03,5,240,1
2023-06-04,5,240,1
2023-06-05,5,240,1
2023-06-06,5,240,1
2023-06-07,5,239,1
2023-06-08,5,240,1
2023-06-09,5,240,1
2023-06-10,5,208,0
2023-06-11,5,240,1
2023-06-12,5,239,1
2023-06-13,5,240,1
2023-06-14,5,240,1
2023-06-15,5,240,1
2023-06-15,5,142,0
2022-08-10,6,0,0
2022-08-11,6,0,0
2022-08-12,6,0,0
2022-08-13,6,0,0
2022-08-14,6,0,0
2022-08-15,6,0,0
2022-08-16,6,0,0
2022-08-17,6,0,0
2022-08-18,6,0,0
2022-08-19,6,0,0
2022-08-20,6,0,0
2022-08-21,6,0,0
2022-08-22,6,0,0
2022-08-23,6,0,0
2022-08-24,6,0,0
2022-08-25,6,23,0
2022-08-26,6,240,1
2022-08-27,6,240,1
2022-08-28,6,240,1
2022-08-29,6,240,1
2022-08-30,6,240,1
2022-08-31,6,236,1
2022-09-01,6,240,1
2022-09-02,6,240,1
2022-09-03,6,239,1
2022-09-04,6,240,1
2022-09-05,6,240,1
2022-09-06,6,240,1
2022-09-07,6,240,1
2022-09-08,6,237,1
2022-09-09,6,240,1
2022-09-10,6,240,1
2022-09-11,6,240,1
2022-09-12,6,240,1
2022-09-13,6,240,1
2022-09-14,6,215,0
2022-09-15,6,240,1
2022-09-16,6,239,1
2022-09-17,6,240,1
2022-09-18,6,240,1
2022-09-19,6,240,1
2022-09-20,6,240,1
2022-09-21,6,240,1
2022-09-22,6,240,1
2022-09-23,6,240,1
2022-09-24,6,154,0
2022-09-25,6,240,1
2022-09-26,6,240,1
2022-09-27,6,227,0
2022-09-28,6,240,1
2022-09-29,6,189,0
2022-09-30,6,132,0
2022-10-01,6,221,0
2022-10-02,6,239,1
2022-10-03,6,240,1
2022-10-04,6,240,1
2022-10-05,6,240,1
2022-10-06,6,239,1
2022-10-07,6,240,1
2022-10-08,6,240,1
2022-10-09,6,240,1
2022-10-10,6,238,1
2022-10-11,6,233,1
2022-10-12,6,238,1
2022-10-13,6,238,1
2022-10-14,6,231,1
2022-10-15,6,129,0
2022-10-16,6,162,0
2022-10-17,6,228,0
2022-10-18,6,232,1
2022-10-19,6,237,1
2022-10-20,6,239,1
2022-10-21,6,238,1
2022-10-22,6,226,0
2022-10-23,6,185,0
2022-10-24,6,240,1
2022-10-25,6,239,1
2022-10-26,6,238,1
2022-10-27,6,223,0
2022-10-28,6,237,1
2022-10-29,6,240,1
2022-10-30,6,240,1
2022-10-31,6,240,1
2022-11-01,6,237,1
2022-11-02,6,68,0
2022-11-03,6,240,1
2022-11-04,6,134,0
2022-11-05,6,233,1
2022-11-06,6,95,0
2022-11-07,6,72,0
2022-11-08,6,0,0
2022-11-09,6,25,0
2022-11-10,6,173,0
2022-11-11,6,240,1
2022-11-12,6,240,1
2022-11-13,6,233,1
2022-11-14,6,240,1
2022-11-15,6,240,1
2022-11-16,6,239,1
2022-11-17,6,239,1
2022-11-18,6,163,0
2022-11-19,6,186,0
2022-11-20,6,0,0
2022-11-21,6,12,0
2022-11-22,6,0,0
2022-11-23,6,200,0
2022-11-24,6,228,0
2022-11-25,6,174,0
2022-11-26,6,240,1
2022-11-27,6,239,1
2022-11-28,6,173,0
2022-11-29,6,0,0
2022-11-30,6,29,0
2022-12-01,6,121,0
2022-12-02,6,227,0
2022-12-03,6,240,1
2022-12-04,6,164,0
2022-12-05,6,240,1
2022-12-06,6,240,1
2022-12-07,6,239,1
2022-12-08,6,222,0
2022-12-09,6,238,1
2022-12-10,6,235,1
2022-12-11,6,225,0
2022-12-12,6,237,1
2022-12-13,6,151,0
2022-12-14,6,240,1
2022-12-15,6,240,1
2022-12-16,6,237,1
2022-12-17,6,235,1
2022-12-18,6,240,1
2022-12-19,6,237,1
2022-12-20,6,224,0
2022-12-21,6,234,1
2022-12-22,6,240,1
2022-12-23,6,238,1
2022-12-24,6,240,1
2022-12-25,6,240,1
2022-12-26,6,240,1
2022-12-27,6,240,1
2022-12-28,6,238,1
2022-12-29,6,239,1
2022-12-30,6,240,1
2022-12-31,6,240,1
2023-01-01,6,240,1
2023-01-02,6,240,1
2023-01-03,6,240,1
2023-01-04,6,240,1
2023-01-05,6,240,1
2023-01-06,6,240,1
2023-01-07,6,229,0
2023-01-08,6,240,1
2023-01-09,6,240,1
2023-01-10,6,200,0
2023-01-11,6,238,1
2023-01-12,6,240,1
2023-01-13,6,240,1
2023-01-14,6,240,1
2023-01-15,6,240,1
2023-01-16,6,240,1
2023-01-17,6,239,1
2023-01-18,6,240,1
2023-01-19,6,240,1
2023-01-20,6,236,1
2023-01-21,6,203,0
2023-01-22,6,222,0
2023-01-23,6,240,1
2023-01-24,6,240,1
2023-01-25,6,240,1
2023-01-26,6,240,1
2023-01-27,6,240,1
2023-01-28,6,240,1
2023-01-29,6,240,1
2023-01-30,6,240,1
2023-01-31,6,239,1
2023-02-01,6,239,1
2023-02-02,6,240,1
2023-02-03,6,240,1
2023-02-04,6,240,1
2023-02-05,6,240,1
2023-02-06,6,240,1
2023-02-07,6,239,1
2023-02-08,6,240,1
2023-02-09,6,240,1
2023-02-10,6,240,1
2023-02-11,6,240,1
2023-02-12,6,240,1
2023-02-13,6,240,1
2023-02-14,6,240,1
2023-02-15,6,240,1
2023-02-16,6,240,1
2023-02-17,6,240,1
2023-02-18,6,240,1
2023-02-19,6,240,1
2023-02-20,6,240,1
2023-02-21,6,240,1
2023-02-22,6,236,1
2023-02-23,6,240,1
2023-02-24,6,240,1
2023-02-25,6,240,1
2023-02-26,6,240,1
2023-02-27,6,240,1
2023-02-28,6,240,1
2023-03-01,6,240,1
2023-03-02,6,240,1
2023-03-03,6,241,1
2023-03-04,6,240,1
2023-03-05,6,240,1
2023-03-06,6,240,1
2023-03-07,6,240,1
2023-03-08,6,240,1
2023-03-09,6,240,1
2023-03-10,6,240,1
2023-03-11,6,240,1
2023-03-12,6,240,1
2023-03-13,6,239,1
2023-03-14,6,240,1
2023-03-15,6,240,1
2023-03-16,6,240,1
2023-03-17,6,240,1
2023-03-18,6,240,1
2023-03-19,6,240,1
2023-03-20,6,240,1
2023-03-21,6,240,1
2023-03-22,6,240,1
2023-03-23,6,240,1
2023-03-24,6,240,1
2023-03-25,6,240,1
2023-03-26,6,240,1
2023-03-27,6,240,1
2023-03-28,6,240,1
2023-03-29,6,240,1
2023-03-30,6,240,1
2023-03-31,6,240,1
2023-04-01,6,240,1
2023-04-02,6,240,1
2023-04-03,6,232,1
2023-04-04,6,240,1
2023-04-05,6,227,0
2023-04-06,6,234,1
2023-04-07,6,240,1
2023-04-08,6,240,1
2023-04-09,6,240,1
2023-04-10,6,240,1
2023-04-11,6,240,1
2023-04-12,6,240,1
2023-04-13,6,238,1
2023-04-14,6,240,1
2023-04-15,6,240,1
2023-04-16,6,240,1
2023-04-17,6,240,1
2023-04-18,6,240,1
2023-04-19,6,239,1
2023-04-20,6,240,1
2023-04-21,6,240,1
2023-04-22,6,240,1
2023-04-23,6,240,1
2023-04-24,6,240,1
2023-04-25,6,240,1
2023-04-26,6,239,1
2023-04-27,6,240,1
2023-04-28,6,240,1
2023-04-29,6,240,1
2023-04-30,6,240,1
2023-05-01,6,240,1
2023-05-02,6,240,1
2023-05-03,6,240,1
2023-05-04,6,240,1
2023-05-05,6,240,1
2023-05-06,6,240,1
2023-05-07,6,240,1
2023-05-08,6,240,1
2023-05-09,6,240,1
2023-05-10,6,240,1
2023-05-11,6,239,1
2023-05-12,6,240,1
2023-05-13,6,240,1
2023-05-14,6,240,1
2023-05-15,6,240,1
2023-05-16,6,239,1
2023-05-17,6,240,1
2023-05-18,6,240,1
2023-05-19,6,240,1
2023-05-20,6,240,1
2023-05-21,6,240,1
2023-05-22,6,240,1
2023-05-23,6,240,1
2023-05-24,6,240,1
2023-05-25,6,238,1
2023-05-26,6,240,1
2023-05-27,6,240,1
2023-05-28,6,240,1
2023-05-29,6,240,1
2023-05-30,6,240,1
2023-05-31,6,240,1
2023-06-01,6,240,1
2023-06-02,6,240,1
2023-06-03,6,240,1
2023-06-04,6,239,1
2023-06-05,6,240,1
2023-06-06,6,240,1
2023-06-07,6,228,0
2023-06-08,6,150,0
2023-06-09,6,152,0
2023-06-10,6,107,0
2023-06-11,6,90,0
2023-06-12,6,100,0
2023-06-13,6,131,0
2023-06-14,6,43,0
2023-06-15,6,122,0
2023-06-15,6,20,0
2022-08-10,7,0,0
2022-08-11,7,0,0
2022-08-12,7,0,0
2022-08-13,7,0,0
2022-08-14,7,0,0
2022-08-15,7,0,0
2022-08-16,7,0,0
2022-08-17,7,0,0
2022-08-18,7,0,0
2022-08-19,7,0,0
2022-08-20,7,0,0
2022-08-21,7,0,0
2022-08-22,7,0,0
2022-08-23,7,0,0
2022-08-24,7,0,0
2022-08-25,7,0,0
2022-08-26,7,0,0
2022-08-27,7,0,0
2022-08-28,7,0,0
2022-08-29,7,0,0
2022-08-30,7,0,0
2022-08-31,7,0,0
2022-09-01,7,17,0
2022-09-02,7,0,0
2022-09-03,7,0,0
2022-09-04,7,0,0
2022-09-05,7,0,0
2022-09-06,7,0,0
2022-09-07,7,0,0
2022-09-08,7,0,0
2022-09-09,7,0,0
2022-09-10,7,0,0
2022-09-11,7,0,0
2022-09-12,7,0,0
2022-09-13,7,0,0
2022-09-14,7,0,0
2022-09-15,7,0,0
2022-09-16,7,0,0
2022-09-17,7,0,0
2022-09-18,7,0,0
2022-09-19,7,0,0
2022-09-20,7,0,0
2022-09-21,7,0,0
2022-09-22,7,0,0
2022-09-23,7,0,0
2022-09-24,7,0,0
2022-09-25,7,0,0
2022-09-26,7,0,0
2022-09-27,7,0,0
2022-09-28,7,0,0
2022-09-29,7,0,0
2022-09-30,7,0,0
2022-10-01,7,0,0
2022-10-02,7,0,0
2022-10-03,7,0,0
2022-10-04,7,0,0
2022-10-05,7,0,0
2022-10-06,7,0,0
2022-10-07,7,0,0
2022-10-08,7,0,0
2022-10-09,7,0,0
2022-10-10,7,0,0
2022-10-11,7,0,0
2022-10-12,7,0,0
2022-10-13,7,0,0
2022-10-14,7,0,0
2022-10-15,7,0,0
2022-10-16,7,0,0
2022-10-17,7,0,0
2022-10-18,7,0,0
2022-10-19,7,0,0
2022-10-20,7,0,0
2022-10-21,7,0,0
2022-10-22,7,0,0
2022-10-23,7,0,0
2022-10-24,7,0,0
2022-10-25,7,0,0
2022-10-26,7,0,0
2022-10-27,7,0,0
2022-10-28,7,0,0
2022-10-29,7,0,0
2022-10-30,7,0,0
2022-10-31,7,0,0
2022-11-01,7,0,0
2022-11-02,7,0,0
2022-11-03,7,0,0
2022-11-04,7,0,0
2022-11-05,7,0,0
2022-11-06,7,0,0
2022-11-07,7,0,0
2022-11-08,7,0,0
2022-11-09,7,0,0
2022-11-10,7,0,0
2022-11-11,7,0,0
2022-11-12,7,0,0
2022-11-13,7,0,0
2022-11-14,7,0,0
2022-11-15,7,0,0
2022-11-16,7,0,0
2022-11-17,7,0,0
2022-11-18,7,0,0
2022-11-19,7,0,0
2022-11-20,7,0,0
2022-11-21,7,0,0
2022-11-22,7,0,0
2022-11-23,7,0,0
2022-11-24,7,0,0
2022-11-25,7,0,0
2022-11-26,7,0,0
2022-11-27,7,0,0
2022-11-28,7,0,0
2022-11-29,7,0,0
2022-11-30,7,0,0
2022-12-01,7,0,0
2022-12-02,7,0,0
2022-12-03,7,0,0
2022-12-04,7,0,0
2022-12-05,7,0,0
2022-12-06,7,0,0
2022-12-07,7,0,0
2022-12-08,7,0,0
2022-12-09,7,0,0
2022-12-10,7,0,0
2022-12-11,7,0,0
2022-12-12,7,0,0
2022-12-13,7,0,0
2022-12-14,7,0,0
2022-12-15,7,0,0
2022-12-16,7,0,0
2022-12-17,7,0,0
2022-12-18,7,0,0
2022-12-19,7,0,0
2022-12-20,7,0,0
2022-12-21,7,0,0
2022-12-22,7,0,0
2022-12-23,7,0,0
2022-12-24,7,0,0
2022-12-25,7,0,0
2022-12-26,7,0,0
2022-12-27,7,0,0
2022-12-28,7,0,0
2022-12-29,7,0,0
2022-12-30,7,0,0
2022-12-31,7,0,0
2023-01-01,7,0,0
2023-01-02,7,0,0
2023-01-03,7,0,0
2023-01-04,7,0,0
2023-01-05,7,0,0
2023-01-06,7,0,0
2023-01-07,7,0,0
2023-01-08,7,0,0
2023-01-09,7,0,0
2023-01-10,7,0,0
2023-01-11,7,0,0
2023-01-12,7,0,0
2023-01-13,7,0,0
2023-01-14,7,0,0
2023-01-15,7,0,0
2023-01-16,7,0,0
2023-01-17,7,91,0
2023-01-18,7,183,0
2023-01-19,7,0,0
2023-01-20,7,0,0
2023-01-21,7,0,0
2023-01-22,7,0,0
2023-01-23,7,0,0
2023-01-24,7,0,0
2023-01-25,7,0,0
2023-01-26,7,0,0
2023-01-27,7,0,0
2023-01-28,7,0,0
2023-01-29,7,0,0
2023-01-30,7,0,0
2023-01-31,7,0,0
2023-02-01,7,0,0
2023-02-02,7,0,0
2023-02-03,7,0,0
2023-02-04,7,0,0
2023-02-05,7,0,0
2023-02-06,7,0,0
2023-02-07,7,0,0
2023-02-08,7,0,0
2023-02-09,7,0,0
2023-02-10,7,0,0
2023-02-11,7,0,0
2023-02-12,7,0,0
2023-02-13,7,0,0
2023-02-14,7,0,0
2023-02-15,7,0,0
2023-02-16,7,0,0
2023-02-17,7,0,0
2023-02-18,7,0,0
2023-02-19,7,0,0
2023-02-20,7,0,0
2023-02-21,7,0,0
2023-02-22,7,0,0
2023-02-23,7,0,0
2023-02-24,7,0,0
2023-02-25,7,0,0
2023-02-26,7,0,0
2023-02-27,7,0,0
2023-02-28,7,0,0
2023-03-01,7,0,0
2023-03-02,7,0,0
2023-03-03,7,0,0
2023-03-04,7,0,0
2023-03-05,7,0,0
2023-03-06,7,0,0
2023-03-07,7,0,0
2023-03-08,7,0,0
2023-03-09,7,0,0
2023-03-10,7,0,0
2023-03-11,7,0,0
2023-03-12,7,0,0
2023-03-13,7,0,0
2023-03-14,7,0,0
2023-03-15,7,0,0
2023-03-16,7,0,0
2023-03-17,7,0,0
2023-03-18,7,0,0
2023-03-19,7,0,0
2023-03-20,7,0,0
2023-03-21,7,0,0
2023-03-22,7,0,0
2023-03-23,7,0,0
2023-03-24,7,0,0
2023-03-25,7,0,0
2023-03-26,7,0,0
2023-03-27,7,0,0
2023-03-28,7,0,0
2023-03-29,7,0,0
2023-03-30,7,0,0
2023-03-31,7,0,0
2023-04-01,7,0,0
2023-04-02,7,0,0
2023-04-03,7,0,0
2023-04-04,7,0,0
2023-04-05,7,0,0
2023-04-06,7,0,0
2023-04-07,7,0,0
2023-04-08,7,0,0
2023-04-09,7,0,0
2023-04-10,7,0,0
2023-04-11,7,0,0
2023-04-12,7,0,0
2023-04-13,7,0,0
2023-04-14,7,0,0
2023-04-15,7,0,0
2023-04-16,7,0,0
2023-04-17,7,0,0
2023-04-18,7,0,0
2023-04-19,7,0,0
2023-04-20,7,0,0
2023-04-21,7,0,0
2023-04-22,7,0,0
2023-04-23,7,0,0
2023-04-24,7,0,0
2023-04-25,7,0,0
2023-04-26,7,0,0
2023-04-27,7,0,0
2023-04-28,7,0,0
2023-04-29,7,0,0
2023-04-30,7,0,0
2023-05-01,7,0,0
2023-05-02,7,0,0
2023-05-03,7,0,0
2023-05-04,7,0,0
2023-05-05,7,0,0
2023-05-06,7,0,0
2023-05-07,7,0,0
2023-05-08,7,0,0
2023-05-09,7,0,0
2023-05-10,7,0,0
2023-05-11,7,0,0
2023-05-12,7,0,0
2023-05-13,7,0,0
2023-05-14,7,0,0
2023-05-15,7,0,0
2023-05-16,7,0,0
2023-05-17,7,0,0
2023-05-18,7,0,0
2023-05-19,7,0,0
2023-05-20,7,0,0
2023-05-21,7,0,0
2023-05-22,7,0,0
2023-05-23,7,0,0
2023-05-24,7,0,0
2023-05-25,7,0,0
2023-05-26,7,0,0
2023-05-27,7,0,0
2023-05-28,7,0,0
2023-05-29,7,0,0
2023-05-30,7,0,0
2023-05-31,7,0,0
2023-06-01,7,0,0
2023-06-02,7,0,0
2023-06-03,7,0,0
2023-06-04,7,0,0
2023-06-05,7,0,0
2023-06-06,7,0,0
2023-06-07,7,0,0
2023-06-08,7,0,0
2023-06-09,7,0,0
2023-06-10,7,0,0
2023-06-11,7,0,0
2023-06-12,7,0,0
2023-06-13,7,0,0
2023-06-14,7,0,0
2023-06-15,7,0,0
2023-06-15,7,0,0
2022-08-10,8,0,0
2022-08-11,8,0,0
2022-08-12,8,0,0
2022-08-13,8,0,0
2022-08-14,8,0,0
2022-08-15,8,0,0
2022-08-16,8,0,0
2022-08-17,8,0,0
2022-08-18,8,0,0
2022-08-19,8,0,0
2022-08-20,8,0,0
2022-08-21,8,0,0
2022-08-22,8,0,0
2022-08-23,8,0,0
2022-08-24,8,0,0
2022-08-25,8,24,0
2022-08-26,8,240,1
2022-08-27,8,240,1
2022-08-28,8,240,1
2022-08-29,8,240,1
2022-08-30,8,240,1
2022-08-31,8,240,1
2022-09-01,8,240,1
2022-09-02,8,240,1
2022-09-03,8,240,1
2022-09-04,8,240,1
2022-09-05,8,240,1
2022-09-06,8,240,1
2022-09-07,8,240,1
2022-09-08,8,240,1
2022-09-09,8,240,1
2022-09-10,8,240,1
2022-09-11,8,240,1
2022-09-12,8,240,1
2022-09-13,8,239,1
2022-09-14,8,128,0
2022-09-15,8,0,0
2022-09-16,8,0,0
2022-09-17,8,0,0
2022-09-18,8,0,0
2022-09-19,8,0,0
2022-09-20,8,0,0
2022-09-21,8,0,0
2022-09-22,8,0,0
2022-09-23,8,0,0
2022-09-24,8,0,0
2022-09-25,8,0,0
2022-09-26,8,0,0
2022-09-27,8,0,0
2022-09-28,8,0,0
2022-09-29,8,0,0
2022-09-30,8,0,0
2022-10-01,8,0,0
2022-10-02,8,0,0
2022-10-03,8,0,0
2022-10-04,8,0,0
2022-10-05,8,0,0
2022-10-06,8,0,0
2022-10-07,8,0,0
2022-10-08,8,0,0
2022-10-09,8,0,0
2022-10-10,8,0,0
2022-10-11,8,0,0
2022-10-12,8,0,0
2022-10-13,8,0,0
2022-10-14,8,0,0
2022-10-15,8,0,0
2022-10-16,8,0,0
2022-10-17,8,0,0
2022-10-18,8,0,0
2022-10-19,8,0,0
2022-10-20,8,0,0
2022-10-21,8,0,0
2022-10-22,8,0,0
2022-10-23,8,0,0
2022-10-24,8,0,0
2022-10-25,8,0,0
2022-10-26,8,0,0
2022-10-27,8,0,0
2022-10-28,8,0,0
2022-10-29,8,0,0
2022-10-30,8,0,0
2022-10-31,8,0,0
2022-11-01,8,0,0
2022-11-02,8,0,0
2022-11-03,8,0,0
2022-11-04,8,0,0
2022-11-05,8,0,0
2022-11-06,8,0,0
2022-11-07,8,0,0
2022-11-08,8,0,0
2022-11-09,8,0,0
2022-11-10,8,0,0
2022-11-11,8,0,0
2022-11-12,8,83,0
2022-11-13,8,237,1
2022-11-14,8,238,1
2022-11-15,8,239,1
2022-11-16,8,240,1
2022-11-17,8,240,1
2022-11-18,8,240,1
2022-11-19,8,240,1
2022-11-20,8,240,1
2022-11-21,8,240,1
2022-11-22,8,240,1
2022-11-23,8,240,1
2022-11-24,8,240,1
2022-11-25,8,239,1
2022-11-26,8,240,1
2022-11-27,8,240,1
2022-11-28,8,240,1
2022-11-29,8,240,1
2022-11-30,8,240,1
2022-12-01,8,238,1
2022-12-02,8,239,1
2022-12-03,8,104,0
2022-12-04,8,0,0
2022-12-05,8,0,0
2022-12-06,8,0,0
2022-12-07,8,0,0
2022-12-08,8,0,0
2022-12-09,8,0,0
2022-12-10,8,0,0
2022-12-11,8,0,0
2022-12-12,8,0,0
2022-12-13,8,0,0
2022-12-14,8,0,0
2022-12-15,8,0,0
2022-12-16,8,0,0
2022-12-17,8,0,0
2022-12-18,8,0,0
2022-12-19,8,0,0
2022-12-20,8,0,0
2022-12-21,8,0,0
2022-12-22,8,0,0
2022-12-23,8,0,0
2022-12-24,8,0,0
2022-12-25,8,0,0
2022-12-26,8,0,0
2022-12-27,8,0,0
2022-12-28,8,0,0
2022-12-29,8,0,0
2022-12-30,8,0,0
2022-12-31,8,0,0
2023-01-01,8,0,0
2023-01-02,8,0,0
2023-01-03,8,0,0
2023-01-04,8,0,0
2023-01-05,8,0,0
2023-01-06,8,0,0
2023-01-07,8,0,0
2023-01-08,8,0,0
2023-01-09,8,0,0
2023-01-10,8,0,0
2023-01-11,8,0,0
2023-01-12,8,0,0
2023-01-13,8,0,0
2023-01-14,8,0,0
2023-01-15,8,0,0
2023-01-16,8,0,0
2023-01-17,8,0,0
2023-01-18,8,0,0
2023-01-19,8,0,0
2023-01-20,8,0,0
2023-01-21,8,0,0
2023-01-22,8,0,0
2023-01-23,8,0,0
2023-01-24,8,0,0
2023-01-25,8,0,0
2023-01-26,8,0,0
2023-01-27,8,0,0
2023-01-28,8,0,0
2023-01-29,8,0,0
2023-01-30,8,0,0
2023-01-31,8,0,0
2023-02-01,8,0,0
2023-02-02,8,0,0
2023-02-03,8,0,0
2023-02-04,8,0,0
2023-02-05,8,0,0
2023-02-06,8,0,0
2023-02-07,8,0,0
2023-02-08,8,0,0
2023-02-09,8,0,0
2023-02-10,8,0,0
2023-02-11,8,0,0
2023-02-12,8,0,0
2023-02-13,8,0,0
2023-02-14,8,0,0
2023-02-15,8,0,0
2023-02-16,8,0,0
2023-02-17,8,0,0
2023-02-18,8,0,0
2023-02-19,8,0,0
2023-02-20,8,0,0
2023-02-21,8,0,0
2023-02-22,8,0,0
2023-02-23,8,0,0
2023-02-24,8,0,0
2023-02-25,8,0,0
2023-02-26,8,0,0
2023-02-27,8,0,0
2023-02-28,8,0,0
2023-03-01,8,0,0
2023-03-02,8,0,0
2023-03-03,8,0,0
2023-03-04,8,0,0
2023-03-05,8,0,0
2023-03-06,8,0,0
2023-03-07,8,0,0
2023-03-08,8,0,0
2023-03-09,8,0,0
2023-03-10,8,0,0
2023-03-11,8,0,0
2023-03-12,8,0,0
2023-03-13,8,0,0
2023-03-14,8,0,0
2023-03-15,8,0,0
2023-03-16,8,0,0
2023-03-17,8,0,0
2023-03-18,8,0,0
2023-03-19,8,0,0
2023-03-20,8,0,0
2023-03-21,8,0,0
2023-03-22,8,0,0
2023-03-23,8,0,0
2023-03-24,8,0,0
2023-03-25,8,0,0
2023-03-26,8,0,0
2023-03-27,8,0,0
2023-03-28,8,0,0
2023-03-29,8,0,0
2023-03-30,8,0,0
2023-03-31,8,0,0
2023-04-01,8,0,0
2023-04-02,8,0,0
2023-04-03,8,0,0
2023-04-04,8,0,0
2023-04-05,8,0,0
2023-04-06,8,0,0
2023-04-07,8,0,0
2023-04-08,8,0,0
2023-04-09,8,0,0
2023-04-10,8,0,0
2023-04-11,8,0,0
2023-04-12,8,0,0
2023-04-13,8,0,0
2023-04-14,8,0,0
2023-04-15,8,0,0
2023-04-16,8,0,0
2023-04-17,8,0,0
2023-04-18,8,0,0
2023-04-19,8,0,0
2023-04-20,8,0,0
2023-04-21,8,0,0
2023-04-22,8,0,0
2023-04-23,8,0,0
2023-04-24,8,0,0
2023-04-25,8,0,0
2023-04-26,8,0,0
2023-04-27,8,0,0
2023-04-28,8,0,0
2023-04-29,8,0,0
2023-04-30,8,0,0
2023-05-01,8,0,0
2023-05-02,8,0,0
2023-05-03,8,0,0
2023-05-04,8,0,0
2023-05-05,8,0,0
2023-05-06,8,0,0
2023-05-07,8,0,0
2023-05-08,8,0,0
2023-05-09,8,0,0
2023-05-10,8,0,0
2023-05-11,8,0,0
2023-05-12,8,0,0
2023-05-13,8,0,0
2023-05-14,8,0,0
2023-05-15,8,0,0
2023-05-16,8,0,0
2023-05-17,8,0,0
2023-05-18,8,0,0
2023-05-19,8,0,0
2023-05-20,8,0,0
2023-05-21,8,0,0
2023-05-22,8,0,0
2023-05-23,8,0,0
2023-05-24,8,0,0
2023-05-25,8,0,0
2023-05-26,8,0,0
2023-05-27,8,0,0
2023-05-28,8,0,0
2023-05-29,8,0,0
2023-05-30,8,0,0
2023-05-31,8,0,0
2023-06-01,8,0,0
2023-06-02,8,0,0
2023-06-03,8,0,0
2023-06-04,8,0,0
2023-06-05,8,0,0
2023-06-06,8,0,0
2023-06-07,8,0,0
2023-06-08,8,0,0
2023-06-09,8,0,0
2023-06-10,8,0,0
2023-06-11,8,0,0
2023-06-12,8,0,0
2023-06-13,8,0,0
2023-06-14,8,0,0
2023-06-15,8,0,0
2023-06-15,8,0,0
